run_timestamp,season,round,chunk_index,retrained_this_run,match_date,home_team,away_team,p_home,p_draw,p_away,fair_odds_home,fair_odds_draw,fair_odds_away,scoreline_fair_odds_json,actual_home_goals,actual_away_goals,actual_result,market_fair_odds_home,market_fair_odds_draw,market_fair_odds_away
2026-08-21T18:56:11.316691+00:00,26-27,1,0,False,2026-08-21 19:00:00,Arsenal,Coventry,0.5657,0.2563,0.178,1.77,3.9,5.62,"{""0-0"": 11.86, ""0-1"": 16.1, ""0-2"": 43.71, ""0-3"": 178.04, ""0-4"": 966.89, ""0-5"": 6563.81, ""0-6"": 53470.67, ""1-0"": 7.69, ""1-1"": 8.9, ""1-2"": 21.06, ""1-3"": 76.0, ""1-4"": 370.51, ""1-5"": 2281.81, ""1-6"": 17009.8, ""2-0"": 9.97, ""2-1"": 10.06, ""2-2"": 20.98, ""2-3"": 67.51, ""2-4"": 296.36, ""2-5"": 1657.86, ""2-6"": 11311.55, ""3-0"": 19.41, ""3-1"": 17.34, ""3-2"": 32.25, ""3-3"": 93.14, ""3-4"": 369.68, ""3-5"": 1882.7, ""3-6"": 11769.22, ""4-0"": 50.35, ""4-1"": 40.39, ""4-2"": 67.63, ""4-3"": 176.6, ""4-4"": 636.78, ""4-5"": 2961.21, ""4-6"": 16989.56, ""5-0"": 163.27, ""5-1"": 118.82, ""5-2"": 180.72, ""5-3"": 429.61, ""5-4"": 1414.55, ""5-5"": 6028.11, ""5-6"": 31816.9, ""6-0"": 635.34, ""6-1"": 423.1, ""6-2"": 589.0, ""6-3"": 1282.9, ""6-4"": 3876.85, ""6-5"": 15198.7, ""6-6"": 74004.42}",,,H,1.24,7.38,16.87
2026-08-21T18:56:11.316691+00:00,26-27,1,0,False,2026-08-22 11:30:00,Hull,Man United,0.2423,0.2649,0.4928,4.13,3.78,2.03,"{""0-0"": 13.4, ""0-1"": 9.17, ""0-2"": 12.54, ""0-3"": 25.75, ""0-4"": 70.46, ""0-5"": 241.02, ""0-6"": 989.4, ""1-0"": 14.27, ""1-1"": 8.54, ""1-2"": 10.39, ""1-3"": 19.18, ""1-4"": 47.71, ""1-5"": 149.58, ""1-6"": 566.72, ""2-0"": 30.41, ""2-1"": 16.17, ""2-2"": 17.64, ""2-3"": 29.47, ""2-4"": 66.83, ""2-5"": 192.37, ""2-6"": 673.21, ""3-0"": 97.19, ""3-1"": 46.5, ""3-2"": 45.88, ""3-3"": 69.76, ""3-4"": 144.8, ""3-5"": 383.54, ""3-6"": 1241.49, ""4-0"": 414.12, ""4-1"": 180.1, ""4-2"": 162.02, ""4-3"": 225.45, ""4-4"": 430.04, ""4-5"": 1051.15, ""4-6"": 3152.72, ""5-0"": 2205.74, ""5-1"": 879.18, ""5-2"": 726.16, ""5-3"": 929.86, ""5-4"": 1636.69, ""5-5"": 3703.05, ""5-6"": 10313.62, ""6-0"": 14098.38, ""6-1"": 5186.44, ""6-2"": 3956.87, ""6-3"": 4686.43, ""6-4"": 7643.36, ""6-5"": 16058.72, ""6-6"": 41634.07}",,,H,10.21,5.44,1.39
2026-08-21T18:56:11.316691+00:00,26-27,1,0,False,2026-08-22 14:00:00,Everton,Crystal Palace,0.4518,0.2855,0.2628,2.21,3.5,3.81,"{""0-0"": 10.84, ""0-1"": 11.97, ""0-2"": 26.45, ""0-3"": 87.66, ""0-4"": 387.29, ""0-5"": 2138.93, ""0-6"": 14175.67, ""1-0"": 8.45, ""1-1"": 7.99, ""1-2"": 15.41, ""1-3"": 45.33, ""1-4"": 180.05, ""1-5"": 903.19, ""1-6"": 5483.02, ""2-0"": 13.18, ""2-1"": 10.88, ""2-2"": 18.55, ""2-3"": 48.72, ""2-4"": 174.52, ""2-5"": 796.24, ""2-6"": 4429.07, ""3-0"": 30.85, ""3-1"": 22.59, ""3-2"": 34.4, ""3-3"": 81.25, ""3-4"": 263.54, ""3-5"": 1096.06, ""3-6"": 5592.29, ""4-0"": 96.22, ""4-1"": 63.36, ""4-2"": 86.99, ""4-3"": 186.06, ""4-4"": 549.04, ""4-5"": 2087.71, ""4-6"": 9787.49, ""5-0"": 375.16, ""5-1"": 224.39, ""5-2"": 280.19, ""5-3"": 546.32, ""5-4"": 1473.92, ""5-5"": 5142.24, ""5-6"": 22203.03, ""6-0"": 1755.36, ""6-1"": 961.7, ""6-2"": 1100.34, ""6-3"": 1967.89, ""6-4"": 4878.42, ""6-5"": 15675.31, ""6-6"": 62506.64}",,,A,2.33,3.59,3.41
2026-08-21T18:56:11.316691+00:00,26-27,1,0,False,2026-08-22 14:00:00,Ipswich,Sunderland,0.3383,0.2845,0.3772,2.96,3.51,2.65,"{""0-0"": 11.95, ""0-1"": 10.11, ""0-2"": 17.11, ""0-3"": 43.43, ""0-4"": 147.0, ""0-5"": 621.86, ""0-6"": 3156.89, ""1-0"": 10.83, ""1-1"": 7.96, ""1-2"": 11.92, ""1-3"": 27.11, ""1-4"": 83.11, ""1-5"": 321.36, ""1-6"": 1502.26, ""2-0"": 19.64, ""2-1"": 12.76, ""2-2"": 17.05, ""2-3"": 34.96, ""2-4"": 97.42, ""2-5"": 344.89, ""2-6"": 1485.61, ""3-0"": 53.39, ""3-1"": 31.11, ""3-2"": 37.45, ""3-3"": 69.63, ""3-4"": 177.01, ""3-5"": 575.02, ""3-6"": 2285.3, ""4-0"": 193.57, ""4-1"": 102.17, ""4-2"": 111.8, ""4-3"": 189.62, ""4-4"": 441.66, ""4-5"": 1320.36, ""4-6"": 4850.21, ""5-0"": 877.25, ""5-1"": 423.19, ""5-2"": 423.97, ""5-3"": 659.87, ""5-4"": 1414.42, ""5-5"": 3903.86, ""5-6"": 13284.29, ""6-0"": 4770.64, ""6-1"": 2119.22, ""6-2"": 1956.37, ""6-3"": 2809.32, ""6-4"": 5565.88, ""6-5"": 14230.64, ""6-6"": 44971.68}",,,H,2.92,3.36,2.78
2026-08-21T18:56:11.316691+00:00,26-27,1,0,False,2026-08-22 14:00:00,Nott'm Forest,Leeds,0.468,0.2789,0.253,2.14,3.59,3.95,"{""0-0"": 11.49, ""0-1"": 12.69, ""0-2"": 28.01, ""0-3"": 92.78, ""0-4"": 409.74, ""0-5"": 2261.82, ""0-6"": 14982.77, ""1-0"": 8.57, ""1-1"": 8.15, ""1-2"": 15.79, ""1-3"": 46.59, ""1-4"": 185.51, ""1-5"": 932.42, ""1-6"": 5669.24, ""2-0"": 12.79, ""2-1"": 10.67, ""2-2"": 18.34, ""2-3"": 48.51, ""2-4"": 174.74, ""2-5"": 800.83, ""2-6"": 4471.29, ""3-0"": 28.63, ""3-1"": 21.27, ""3-2"": 32.78, ""3-3"": 78.22, ""3-4"": 255.89, ""3-5"": 1071.82, ""3-6"": 5501.64, ""4-0"": 85.43, ""4-1"": 57.24, ""4-2"": 79.79, ""4-3"": 172.91, ""4-4"": 516.01, ""4-5"": 1981.22, ""4-6"": 9366.0, ""5-0"": 318.68, ""5-1"": 194.42, ""5-2"": 247.11, ""5-3"": 489.42, ""5-4"": 1338.79, ""5-5"": 4727.77, ""5-6"": 20631.08, ""6-0"": 1426.5, ""6-1"": 798.77, ""6-2"": 932.29, ""6-3"": 1697.59, ""6-4"": 4276.75, ""6-5"": 13941.26, ""6-6"": 56307.72}",,,H,2.42,3.51,3.32
2026-08-21T18:56:11.316691+00:00,26-27,1,0,False,2026-08-22 16:30:00,Brentford,Tottenham,0.4244,0.2764,0.2991,2.36,3.62,3.34,"{""0-0"": 12.89, ""0-1"": 12.25, ""0-2"": 23.3, ""0-3"": 66.45, ""0-4"": 252.71, ""0-5"": 1201.36, ""0-6"": 6853.33, ""1-0"": 9.84, ""1-1"": 8.19, ""1-2"": 13.84, ""1-3"": 35.54, ""1-4"": 122.87, ""1-5"": 535.44, ""1-6"": 2819.59, ""2-0"": 15.04, ""2-1"": 11.12, ""2-2"": 16.87, ""2-3"": 39.19, ""2-4"": 123.56, ""2-5"": 494.45, ""2-6"": 2405.43, ""3-0"": 34.47, ""3-1"": 22.94, ""3-2"": 31.49, ""3-3"": 66.58, ""3-4"": 192.17, ""3-5"": 707.79, ""3-6"": 3185.3, ""4-0"": 105.33, ""4-1"": 63.74, ""4-2"": 79.77, ""4-3"": 154.41, ""4-4"": 409.64, ""4-5"": 1392.49, ""4-6"": 5807.72, ""5-0"": 402.34, ""5-1"": 223.17, ""5-2"": 256.49, ""5-3"": 456.95, ""5-4"": 1118.86, ""5-5"": 3521.09, ""5-6"": 13639.36, ""6-0"": 1844.15, ""6-1"": 944.28, ""6-2"": 1002.59, ""6-3"": 1652.34, ""6-4"": 3749.48, ""6-5"": 10959.14, ""6-6"": 39522.71}",,,H,2.46,3.87,2.98
2026-08-21T18:56:11.316691+00:00,26-27,1,0,False,2026-08-23 13:00:00,Brighton,Aston Villa,0.4512,0.2836,0.2651,2.22,3.53,3.77,"{""0-0"": 11.12, ""0-1"": 12.09, ""0-2"": 26.27, ""0-3"": 85.66, ""0-4"": 372.34, ""0-5"": 2023.16, ""0-6"": 13191.7, ""1-0"": 8.6, ""1-1"": 8.02, ""1-2"": 15.27, ""1-3"": 44.28, ""1-4"": 173.34, ""1-5"": 856.67, ""1-6"": 5122.38, ""2-0"": 13.3, ""2-1"": 10.86, ""2-2"": 18.31, ""2-3"": 47.53, ""2-4"": 168.05, ""2-5"": 756.45, ""2-6"": 4149.44, ""3-0"": 30.85, ""3-1"": 22.42, ""3-2"": 33.81, ""3-3"": 79.05, ""3-4"": 253.53, ""3-5"": 1041.79, ""3-6"": 5248.41, ""4-0"": 95.42, ""4-1"": 62.44, ""4-2"": 85.07, ""4-3"": 180.39, ""4-4"": 527.13, ""4-5"": 1983.2, ""4-6"": 9192.26, ""5-0"": 368.89, ""5-1"": 219.54, ""5-2"": 272.46, ""5-3"": 527.38, ""5-4"": 1411.04, ""5-5"": 4877.43, ""5-6"": 20847.56, ""6-0"": 1711.37, ""6-1"": 933.99, ""6-2"": 1063.37, ""6-3"": 1890.38, ""6-4"": 4653.4, ""6-5"": 14833.01, ""6-6"": 58623.61}",,,H,2.31,3.78,3.3
2026-08-21T18:56:11.316691+00:00,26-27,1,0,False,2026-08-23 13:00:00,Man City,Bournemouth,0.5432,0.2469,0.2099,1.84,4.05,4.76,"{""0-0"": 15.44, ""0-1"": 16.94, ""0-2"": 37.18, ""0-3"": 122.39, ""0-4"": 537.24, ""0-5"": 2947.85, ""0-6"": 19409.74, ""1-0"": 9.46, ""1-1"": 9.17, ""1-2"": 18.02, ""1-3"": 53.7, ""1-4"": 215.35, ""1-5"": 1087.55, ""1-6"": 6632.84, ""2-0"": 11.59, ""2-1"": 10.06, ""2-2"": 17.86, ""2-3"": 48.43, ""2-4"": 177.96, ""2-5"": 828.71, ""2-6"": 4686.1, ""3-0"": 21.32, ""3-1"": 16.75, ""3-2"": 27.05, ""3-3"": 67.11, ""3-4"": 226.78, ""3-5"": 975.99, ""3-6"": 5124.18, ""4-0"": 52.25, ""4-1"": 37.51, ""4-2"": 55.5, ""4-3"": 126.65, ""4-4"": 395.06, ""4-5"": 1575.51, ""4-6"": 7693.96, ""5-0"": 160.12, ""5-1"": 105.78, ""5-2"": 144.33, ""5-3"": 304.38, ""5-4"": 879.85, ""5-5"": 3260.81, ""5-6"": 14842.39, ""6-0"": 588.77, ""6-1"": 360.28, ""6-2"": 455.79, ""6-3"": 892.46, ""6-4"": 2399.52, ""6-5"": 8288.79, ""6-6"": 35245.76}",,,H,1.55,5.2,6.17
2026-08-21T18:56:11.316691+00:00,26-27,1,0,False,2026-08-23 15:30:00,Newcastle,Liverpool,0.4298,0.2584,0.3118,2.33,3.87,3.21,"{""0-0"": 17.23, ""0-1"": 14.37, ""0-2"": 23.98, ""0-3"": 60.02, ""0-4"": 200.26, ""0-5"": 835.31, ""0-6"": 4180.94, ""1-0"": 11.85, ""1-1"": 8.89, ""1-2"": 13.46, ""1-3"": 30.85, ""1-4"": 94.93, ""1-5"": 367.4, ""1-6"": 1715.18, ""2-0"": 16.31, ""2-1"": 11.1, ""2-2"": 15.37, ""2-3"": 32.4, ""2-4"": 92.23, ""2-5"": 331.82, ""2-6"": 1446.57, ""3-0"": 33.67, ""3-1"": 20.98, ""3-2"": 26.72, ""3-3"": 52.04, ""3-4"": 137.44, ""3-5"": 460.68, ""3-6"": 1878.14, ""4-0"": 92.65, ""4-1"": 53.25, ""4-2"": 62.73, ""4-3"": 113.35, ""4-4"": 278.68, ""4-5"": 872.29, ""4-6"": 3331.41, ""5-0"": 318.71, ""5-1"": 169.97, ""5-2"": 186.14, ""5-3"": 313.34, ""5-4"": 719.4, ""5-5"": 2108.07, ""5-6"": 7556.27, ""6-0"": 1315.61, ""6-1"": 654.42, ""6-2"": 669.23, ""6-3"": 1053.55, ""6-4"": 2265.93, ""6-5"": 6231.84, ""6-6"": 21006.63}",,,D,3.92,4.17,1.98
2026-08-21T18:56:11.316691+00:00,26-27,1,0,False,2026-08-24 19:00:00,Fulham,Chelsea,0.4724,0.2796,0.2481,2.12,3.58,4.03,"{""0-0"": 11.28, ""0-1"": 12.7, ""0-2"": 28.63, ""0-3"": 96.77, ""0-4"": 436.13, ""0-5"": 2456.96, ""0-6"": 16609.73, ""1-0"": 8.42, ""1-1"": 8.14, ""1-2"": 16.06, ""1-3"": 48.28, ""1-4"": 195.94, ""1-5"": 1003.93, ""1-6"": 6223.48, ""2-0"": 12.56, ""2-1"": 10.64, ""2-2"": 18.59, ""2-3"": 50.01, ""2-4"": 183.32, ""2-5"": 855.46, ""2-6"": 4864.84, ""3-0"": 28.14, ""3-1"": 21.19, ""3-2"": 33.13, ""3-3"": 80.29, ""3-4"": 266.92, ""3-5"": 1136.98, ""3-6"": 5937.99, ""4-0"": 84.01, ""4-1"": 56.97, ""4-2"": 80.46, ""4-3"": 176.83, ""4-4"": 535.62, ""4-5"": 2088.86, ""4-6"": 10036.52, ""5-0"": 313.52, ""5-1"": 193.37, ""5-2"": 248.73, ""5-3"": 499.0, ""5-4"": 1383.83, ""5-5"": 4958.14, ""5-6"": 21967.46, ""6-0"": 1404.1, ""6-1"": 794.14, ""6-2"": 937.04, ""6-3"": 1726.46, ""6-4"": 4404.82, ""6-5"": 14553.0, ""6-6"": 59617.62}",,,A,4.0,4.0,2.0
2026-08-25T13:57:59.209597+00:00,26-27,2,0,False,2026-08-28 19:00:00,Crystal Palace,Man City,0.2904,0.2633,0.4463,3.44,3.8,2.24,"{""0-0"": 15.37, ""0-1"": 10.72, ""0-2"": 14.94, ""0-3"": 31.26, ""0-4"": 87.17, ""0-5"": 303.88, ""0-6"": 1271.27, ""1-0"": 13.93, ""1-1"": 8.64, ""1-2"": 10.85, ""1-3"": 20.64, ""1-4"": 52.77, ""1-5"": 169.88, ""1-6"": 660.09, ""2-0"": 25.25, ""2-1"": 14.1, ""2-2"": 16.07, ""2-3"": 27.93, ""2-4"": 65.71, ""2-5"": 195.69, ""2-6"": 706.99, ""3-0"": 68.65, ""3-1"": 34.87, ""3-2"": 36.31, ""3-3"": 57.99, ""3-4"": 125.9, ""3-5"": 347.61, ""3-6"": 1169.41, ""4-0"": 248.86, ""4-1"": 115.91, ""4-2"": 111.03, ""4-3"": 163.65, ""4-4"": 329.09, ""4-5"": 844.61, ""4-6"": 2650.49, ""5-0"": 1127.74, ""5-1"": 485.01, ""5-2"": 429.79, ""5-3"": 587.34, ""5-4"": 1097.88, ""5-5"": 2626.31, ""5-6"": 7703.25, ""6-0"": 6132.49, ""6-1"": 2449.67, ""6-2"": 2018.43, ""6-3"": 2568.42, ""6-4"": 4478.43, ""6-5"": 10013.22, ""6-6"": 27510.57}",,,A,5.35,4.46,1.7
2026-08-25T13:57:59.209597+00:00,26-27,2,0,False,2026-08-29 11:30:00,Liverpool,Nott'm Forest,0.5205,0.2599,0.2196,1.92,3.85,4.55,"{""0-0"": 13.34, ""0-1"": 15.12, ""0-2"": 34.25, ""0-3"": 116.4, ""0-4"": 527.49, ""0-5"": 2987.95, ""0-6"": 20310.14, ""1-0"": 8.81, ""1-1"": 8.7, ""1-2"": 17.48, ""1-3"": 53.35, ""1-4"": 219.36, ""1-5"": 1137.2, ""1-6"": 7125.89, ""2-0"": 11.65, ""2-1"": 10.19, ""2-2"": 18.32, ""2-3"": 50.48, ""2-4"": 188.92, ""2-5"": 897.9, ""2-6"": 5190.49, ""3-0"": 23.08, ""3-1"": 18.14, ""3-2"": 29.43, ""3-3"": 73.67, ""3-4"": 251.94, ""3-5"": 1100.28, ""3-6"": 5875.36, ""4-0"": 60.99, ""4-1"": 43.49, ""4-2"": 64.24, ""4-3"": 146.91, ""4-4"": 460.98, ""4-5"": 1855.14, ""4-6"": 9167.26, ""5-0"": 201.45, ""5-1"": 131.49, ""5-2"": 178.04, ""5-3"": 374.13, ""5-4"": 1081.78, ""5-5"": 4024.22, ""5-6"": 18442.88, ""6-0"": 798.5, ""6-1"": 480.44, ""6-2"": 600.13, ""6-3"": 1164.97, ""6-4"": 3117.16, ""6-5"": 10754.47, ""6-6"": 45824.38}",,,D,1.57,4.92,6.3
2026-08-25T13:57:59.209597+00:00,26-27,2,0,False,2026-08-29 14:00:00,Bournemouth,Everton,0.4964,0.2722,0.2314,2.01,3.67,4.32,"{""0-0"": 11.82, ""0-1"": 13.63, ""0-2"": 31.47, ""0-3"": 108.93, ""0-4"": 502.78, ""0-5"": 2900.85, ""0-6"": 20084.05, ""1-0"": 8.39, ""1-1"": 8.34, ""1-2"": 16.9, ""1-3"": 52.16, ""1-4"": 217.17, ""1-5"": 1141.13, ""1-6"": 7253.28, ""2-0"": 11.93, ""2-1"": 10.41, ""2-2"": 18.72, ""2-3"": 51.79, ""2-4"": 195.09, ""2-5"": 935.03, ""2-6"": 5458.87, ""3-0"": 25.41, ""3-1"": 19.77, ""3-2"": 31.88, ""3-3"": 79.61, ""3-4"": 272.43, ""3-5"": 1193.64, ""3-6"": 6408.19, ""4-0"": 72.22, ""4-1"": 50.67, ""4-2"": 73.94, ""4-3"": 167.71, ""4-4"": 523.76, ""4-5"": 2104.1, ""4-6"": 10406.07, ""5-0"": 256.5, ""5-1"": 163.9, ""5-2"": 218.15, ""5-3"": 452.37, ""5-4"": 1295.33, ""5-5"": 4787.35, ""5-6"": 21860.73, ""6-0"": 1093.27, ""6-1"": 641.35, ""6-2"": 784.07, ""6-3"": 1495.11, ""6-4"": 3943.77, ""6-5"": 13457.9, ""6-6"": 56891.55}",,,A,2.17,3.71,3.7
2026-08-25T13:57:59.209597+00:00,26-27,2,0,False,2026-08-29 14:00:00,Coventry,Hull,0.4914,0.2604,0.2482,2.03,3.84,4.03,"{""0-0"": 14.52, ""0-1"": 14.77, ""0-2"": 30.04, ""0-3"": 91.67, ""0-4"": 372.95, ""0-5"": 1896.72, ""0-6"": 11575.4, ""1-0"": 9.69, ""1-1"": 8.7, ""1-2"": 15.83, ""1-3"": 43.7, ""1-4"": 162.32, ""1-5"": 759.41, ""1-6"": 4290.96, ""2-0"": 12.94, ""2-1"": 10.39, ""2-2"": 17.06, ""2-3"": 42.83, ""2-4"": 145.71, ""2-5"": 628.24, ""2-6"": 3289.77, ""3-0"": 25.93, ""3-1"": 18.83, ""3-2"": 28.12, ""3-3"": 64.53, ""3-4"": 201.76, ""3-5"": 803.56, ""3-6"": 3905.1, ""4-0"": 69.25, ""4-1"": 45.91, ""4-2"": 62.78, ""4-3"": 132.44, ""4-4"": 382.03, ""4-5"": 1409.26, ""4-6"": 6367.31, ""5-0"": 231.18, ""5-1"": 141.0, ""5-2"": 177.7, ""5-3"": 346.25, ""5-4"": 925.08, ""5-5"": 3169.73, ""5-6"": 13342.73, ""6-0"": 926.11, ""6-1"": 522.99, ""6-2"": 610.82, ""6-3"": 1104.57, ""6-4"": 2743.67, ""6-5"": 8758.55, ""6-6"": 34427.64}",,,D,1.91,3.88,4.57
2026-08-25T13:57:59.209597+00:00,26-27,2,0,False,2026-08-29 16:30:00,Tottenham,Newcastle,0.433,0.2846,0.2823,2.31,3.51,3.54,"{""0-0"": 11.31, ""0-1"": 11.73, ""0-2"": 24.35, ""0-3"": 75.78, ""0-4"": 314.47, ""0-5"": 1631.21, ""0-6"": 10153.72, ""1-0"": 8.93, ""1-1"": 7.98, ""1-2"": 14.54, ""1-3"": 40.35, ""1-4"": 151.03, ""1-5"": 713.52, ""1-6"": 4077.58, ""2-0"": 14.11, ""2-1"": 11.07, ""2-2"": 17.9, ""2-3"": 44.54, ""2-4"": 150.86, ""2-5"": 650.08, ""2-6"": 3412.37, ""3-0"": 33.42, ""3-1"": 23.38, ""3-2"": 33.9, ""3-3"": 76.12, ""3-4"": 234.22, ""3-5"": 922.74, ""3-6"": 4454.13, ""4-0"": 105.58, ""4-1"": 66.62, ""4-2"": 87.41, ""4-3"": 178.29, ""4-4"": 500.67, ""4-5"": 1808.53, ""4-6"": 8042.29, ""5-0"": 416.9, ""5-1"": 239.57, ""5-2"": 286.74, ""5-3"": 534.67, ""5-4"": 1376.67, ""5-5"": 4575.09, ""5-6"": 18785.15, ""6-0"": 1975.4, ""6-1"": 1042.14, ""6-2"": 1145.71, ""6-3"": 1964.62, ""6-4"": 4660.04, ""6-5"": 14299.46, ""6-6"": 54355.88}",,,A,2.34,3.9,3.17
2026-08-25T13:57:59.209597+00:00,26-27,2,0,False,2026-08-30 13:00:00,Chelsea,Brighton,0.3487,0.2754,0.3759,2.87,3.63,2.66,"{""0-0"": 13.62, ""0-1"": 11.02, ""0-2"": 17.82, ""0-3"": 43.25, ""0-4"": 139.92, ""0-5"": 565.86, ""0-6"": 2746.09, ""1-0"": 11.54, ""1-1"": 8.23, ""1-2"": 11.9, ""1-3"": 26.1, ""1-4"": 77.04, ""1-5"": 286.49, ""1-6"": 1286.71, ""2-0"": 19.57, ""2-1"": 12.47, ""2-2"": 16.25, ""2-3"": 32.39, ""2-4"": 87.53, ""2-5"": 299.81, ""2-6"": 1247.35, ""3-0"": 49.74, ""3-1"": 28.65, ""3-2"": 33.94, ""3-3"": 61.82, ""3-4"": 153.44, ""3-5"": 485.25, ""3-6"": 1872.84, ""4-0"": 168.61, ""4-1"": 88.61, ""4-2"": 96.08, ""4-3"": 160.76, ""4-4"": 367.95, ""4-5"": 1077.24, ""4-6"": 3863.76, ""5-0"": 714.42, ""5-1"": 345.22, ""5-2"": 344.81, ""5-3"": 532.68, ""5-4"": 1128.66, ""5-5"": 3067.91, ""5-6"": 10247.38, ""6-0"": 3632.49, ""6-1"": 1624.51, ""6-2"": 1503.08, ""6-3"": 2154.0, ""6-4"": 4241.38, ""6-5"": 10736.46, ""6-6"": 33474.08}",,,H,1.99,4.05,3.99
2026-08-25T13:57:59.209597+00:00,26-27,2,0,False,2026-08-30 13:00:00,Leeds,Brentford,0.4891,0.2665,0.2444,2.04,3.75,4.09,"{""0-0"": 13.19, ""0-1"": 14.06, ""0-2"": 29.99, ""0-3"": 95.93, ""0-4"": 409.15, ""0-5"": 2181.26, ""0-6"": 13954.58, ""1-0"": 9.12, ""1-1"": 8.49, ""1-2"": 16.07, ""1-3"": 46.22, ""1-4"": 179.04, ""1-5"": 874.3, ""1-6"": 5159.75, ""2-0"": 12.6, ""2-1"": 10.42, ""2-2"": 17.67, ""2-3"": 45.94, ""2-4"": 162.15, ""2-5"": 726.52, ""2-6"": 3958.37, ""3-0"": 26.14, ""3-1"": 19.42, ""3-2"": 29.78, ""3-3"": 70.4, ""3-4"": 227.25, ""3-5"": 936.4, ""3-6"": 4716.28, ""4-0"": 72.27, ""4-1"": 48.78, ""4-2"": 68.15, ""4-3"": 147.32, ""4-4"": 436.73, ""4-5"": 1659.66, ""4-6"": 7741.32, ""5-0"": 249.78, ""5-1"": 154.43, ""5-2"": 197.95, ""5-3"": 393.55, ""5-4"": 1075.95, ""5-5"": 3782.55, ""5-6"": 16375.04, ""6-0"": 1035.95, ""6-1"": 590.85, ""6-2"": 699.19, ""6-3"": 1285.02, ""6-4"": 3253.53, ""6-5"": 10615.79, ""6-6"": 42757.78}",,,D,2.66,3.56,2.92
2026-08-25T13:57:59.209597+00:00,26-27,2,0,False,2026-08-30 13:00:00,Sunderland,Fulham,0.4267,0.2862,0.2871,2.34,3.49,3.48,"{""0-0"": 11.18, ""0-1"": 11.53, ""0-2"": 23.78, ""0-3"": 73.59, ""0-4"": 303.59, ""0-5"": 1565.6, ""0-6"": 9688.49, ""1-0"": 8.95, ""1-1"": 7.94, ""1-2"": 14.38, ""1-3"": 39.62, ""1-4"": 147.38, ""1-5"": 691.92, ""1-6"": 3929.65, ""2-0"": 14.34, ""2-1"": 11.16, ""2-2"": 17.92, ""2-3"": 44.26, ""2-4"": 148.86, ""2-5"": 637.18, ""2-6"": 3322.6, ""3-0"": 34.44, ""3-1"": 23.89, ""3-2"": 34.36, ""3-3"": 76.55, ""3-4"": 233.8, ""3-5"": 914.46, ""3-6"": 4383.32, ""4-0"": 110.32, ""4-1"": 68.98, ""4-2"": 89.74, ""4-3"": 181.53, ""4-4"": 505.72, ""4-5"": 1812.81, ""4-6"": 8001.67, ""5-0"": 441.72, ""5-1"": 251.44, ""5-2"": 298.22, ""5-3"": 551.26, ""5-4"": 1407.49, ""5-5"": 4639.77, ""5-6"": 18902.05, ""6-0"": 2122.34, ""6-1"": 1108.72, ""6-2"": 1207.4, ""6-3"": 2051.56, ""6-4"": 4823.55, ""6-5"": 14675.81, ""6-6"": 55329.56}",,,H,2.58,3.43,3.12
2026-08-25T13:57:59.209597+00:00,26-27,2,0,False,2026-08-30 15:30:00,Man United,Ipswich,0.6553,0.2078,0.1369,1.53,4.81,7.31,"{""0-0"": 18.2, ""0-1"": 24.01, ""0-2"": 63.33, ""0-3"": 250.56, ""0-4"": 1321.82, ""0-5"": 8716.47, ""0-6"": 68974.99, ""1-0"": 9.32, ""1-1"": 10.85, ""1-2"": 25.62, ""1-3"": 91.73, ""1-4"": 441.97, ""1-5"": 2681.97, ""1-6"": 19654.73, ""2-0"": 9.54, ""2-1"": 9.94, ""2-2"": 21.19, ""2-3"": 69.04, ""2-4"": 304.73, ""2-5"": 1704.69, ""2-6"": 11580.78, ""3-0"": 14.65, ""3-1"": 13.82, ""3-2"": 26.8, ""3-3"": 79.84, ""3-4"": 324.02, ""3-5"": 1674.88, ""3-6"": 10562.59, ""4-0"": 30.0, ""4-1"": 25.84, ""4-2"": 45.91, ""4-3"": 125.76, ""4-4"": 471.06, ""4-5"": 2255.88, ""4-6"": 13230.39, ""5-0"": 76.79, ""5-1"": 60.87, ""5-2"": 99.68, ""5-3"": 252.32, ""5-4"": 875.6, ""5-5"": 3896.07, ""5-6"": 21293.97, ""6-0"": 235.84, ""6-1"": 173.14, ""6-2"": 262.84, ""6-3"": 617.64, ""6-4"": 1993.19, ""6-5"": 8265.03, ""6-6"": 42192.91}",,,H,1.5,5.13,7.13
2026-08-25T13:57:59.209597+00:00,26-27,2,0,False,2026-08-31 19:00:00,Aston Villa,Arsenal,0.3012,0.2769,0.4219,3.32,3.61,2.37,"{""0-0"": 12.84, ""0-1"": 9.86, ""0-2"": 15.14, ""0-3"": 34.87, ""0-4"": 107.09, ""0-5"": 411.1, ""0-6"": 1893.85, ""1-0"": 12.17, ""1-1"": 8.18, ""1-2"": 11.16, ""1-3"": 23.13, ""1-4"": 64.57, ""1-5"": 227.19, ""1-6"": 966.02, ""2-0"": 23.08, ""2-1"": 13.78, ""2-2"": 16.87, ""2-3"": 31.63, ""2-4"": 80.53, ""2-5"": 260.16, ""2-6"": 1021.85, ""3-0"": 65.66, ""3-1"": 35.27, ""3-2"": 39.06, ""3-3"": 66.67, ""3-4"": 155.34, ""3-5"": 461.84, ""3-6"": 1677.94, ""4-0"": 249.01, ""4-1"": 121.58, ""4-2"": 122.79, ""4-3"": 191.82, ""4-4"": 410.72, ""4-5"": 1126.94, ""4-6"": 3794.0, ""5-0"": 1180.43, ""5-1"": 528.28, ""5-2"": 489.89, ""5-3"": 704.26, ""5-4"": 1391.61, ""5-5"": 3534.52, ""5-6"": 11050.6, ""6-0"": 6715.15, ""6-1"": 2773.81, ""6-2"": 2376.07, ""6-3"": 3159.59, ""6-4"": 5785.41, ""6-5"": 13645.96, ""6-6"": 39716.36}",,,A,6.31,4.56,1.61
2026-09-02T09:10:20.834826+00:00,26-27,3,0,False,2026-09-04 19:00:00,Ipswich,Liverpool,0.2758,0.2755,0.4487,3.63,3.63,2.23,"{""0-0"": 12.57, ""0-1"": 9.35, ""0-2"": 13.9, ""0-3"": 30.98, ""0-4"": 92.12, ""0-5"": 342.38, ""0-6"": 1526.94, ""1-0"": 12.69, ""1-1"": 8.22, ""1-2"": 10.83, ""1-3"": 21.68, ""1-4"": 58.47, ""1-5"": 198.85, ""1-6"": 817.46, ""2-0"": 25.61, ""2-1"": 14.7, ""2-2"": 17.32, ""2-3"": 31.31, ""2-4"": 76.86, ""2-5"": 239.62, ""2-6"": 908.64, ""3-0"": 77.51, ""3-1"": 39.94, ""3-2"": 42.5, ""3-3"": 69.76, ""3-4"": 156.46, ""3-5"": 448.16, ""3-6"": 1569.67, ""4-0"": 312.84, ""4-1"": 146.26, ""4-2"": 141.64, ""4-3"": 212.39, ""4-4"": 437.03, ""4-5"": 1153.4, ""4-6"": 3738.0, ""5-0"": 1578.32, ""5-1"": 675.28, ""5-2"": 599.42, ""5-3"": 825.87, ""5-4"": 1565.73, ""5-5"": 3819.32, ""5-6"": 11478.57, ""6-0"": 9555.4, ""6-1"": 3768.38, ""6-2"": 3085.61, ""6-3"": 3926.64, ""6-4"": 6888.34, ""6-5"": 15582.08, ""6-6"": 43535.59}",,,A,5.47,4.82,1.64
2026-09-02T09:10:20.834826+00:00,26-27,3,0,False,2026-09-05 11:30:00,Newcastle,Bournemouth,0.4462,0.2539,0.2999,2.24,3.94,3.33,"{""0-0"": 18.23, ""0-1"": 15.26, ""0-2"": 25.54, ""0-3"": 64.12, ""0-4"": 214.67, ""0-5"": 898.32, ""0-6"": 4511.05, ""1-0"": 12.04, ""1-1"": 9.09, ""1-2"": 13.86, ""1-3"": 31.94, ""1-4"": 98.82, ""1-5"": 384.4, ""1-6"": 1803.36, ""2-0"": 15.9, ""2-1"": 10.93, ""2-2"": 15.28, ""2-3"": 32.47, ""2-4"": 93.11, ""2-5"": 337.35, ""2-6"": 1480.27, ""3-0"": 31.51, ""3-1"": 19.89, ""3-2"": 25.62, ""3-3"": 50.41, ""3-4"": 134.43, ""3-5"": 454.55, ""3-6"": 1868.34, ""4-0"": 83.24, ""4-1"": 48.56, ""4-2"": 57.98, ""4-3"": 106.08, ""4-4"": 263.79, ""4-5"": 834.43, ""4-6"": 3218.11, ""5-0"": 274.86, ""5-1"": 149.05, ""5-2"": 165.76, ""5-3"": 283.05, ""5-4"": 658.46, ""5-5"": 1953.18, ""5-6"": 7080.8, ""6-0"": 1089.19, ""6-1"": 551.78, ""6-2"": 573.97, ""6-3"": 918.05, ""6-4"": 2003.9, ""6-5"": 5587.53, ""6-6"": 19077.79}",,,D,2.27,4.04,3.22
2026-09-02T09:10:20.834826+00:00,26-27,3,0,False,2026-09-05 14:00:00,Brentford,Sunderland,0.4853,0.2612,0.2535,2.06,3.83,3.94,"{""0-0"": 14.56, ""0-1"": 14.6, ""0-2"": 29.31, ""0-3"": 88.21, ""0-4"": 354.01, ""0-5"": 1775.95, ""0-6"": 10691.13, ""1-0"": 9.79, ""1-1"": 8.67, ""1-2"": 15.58, ""1-3"": 42.44, ""1-4"": 155.56, ""1-5"": 718.12, ""1-6"": 4003.69, ""2-0"": 13.17, ""2-1"": 10.44, ""2-2"": 16.93, ""2-3"": 41.97, ""2-4"": 140.94, ""2-5"": 599.84, ""2-6"": 3100.16, ""3-0"": 26.58, ""3-1"": 19.07, ""3-2"": 28.14, ""3-3"": 63.78, ""3-4"": 196.94, ""3-5"": 774.49, ""3-6"": 3715.91, ""4-0"": 71.5, ""4-1"": 46.87, ""4-2"": 63.34, ""4-3"": 132.03, ""4-4"": 376.23, ""4-5"": 1370.81, ""4-6"": 6116.59, ""5-0"": 240.48, ""5-1"": 145.05, ""5-2"": 180.73, ""5-3"": 348.07, ""5-4"": 918.98, ""5-5"": 3111.12, ""5-6"": 12936.88, ""6-0"": 970.5, ""6-1"": 542.13, ""6-2"": 626.18, ""6-3"": 1119.57, ""6-4"": 2748.95, ""6-5"": 8672.78, ""6-6"": 33685.51}",,,D,1.7,4.2,5.81
2026-09-02T09:10:20.834826+00:00,26-27,3,0,False,2026-09-05 14:00:00,Brighton,Leeds,0.5256,0.2685,0.2059,1.9,3.72,4.86,"{""0-0"": 11.43, ""0-1"": 14.39, ""0-2"": 36.24, ""0-3"": 136.89, ""0-4"": 689.48, ""0-5"": 4340.83, ""0-6"": 32794.91, ""1-0"": 7.9, ""1-1"": 8.49, ""1-2"": 18.66, ""1-3"": 62.52, ""1-4"": 282.9, ""1-5"": 1616.83, ""1-6"": 11183.87, ""2-0"": 10.92, ""2-1"": 10.24, ""2-2"": 19.86, ""2-3"": 59.38, ""2-4"": 242.14, ""2-5"": 1257.93, ""2-6"": 7968.75, ""3-0"": 22.64, ""3-1"": 18.83, ""3-2"": 32.59, ""3-3"": 87.55, ""3-4"": 323.05, ""3-5"": 1528.88, ""3-6"": 8879.04, ""4-0"": 62.58, ""4-1"": 46.78, ""4-2"": 72.95, ""4-3"": 177.31, ""4-4"": 594.82, ""4-5"": 2572.32, ""4-6"": 13719.33, ""5-0"": 216.23, ""5-1"": 146.74, ""5-2"": 208.0, ""5-3"": 460.59, ""5-4"": 1411.87, ""5-5"": 5598.85, ""5-6"": 27487.52, ""6-0"": 896.66, ""6-1"": 557.11, ""6-2"": 723.22, ""6-3"": 1468.17, ""6-4"": 4133.08, ""6-5"": 15087.11, ""6-6"": 68371.21}",,,D,2.02,3.76,4.18
2026-09-02T09:10:20.834826+00:00,26-27,3,0,False,2026-09-05 14:00:00,Fulham,Crystal Palace,0.5107,0.2703,0.219,1.96,3.7,4.57,"{""0-0"": 11.67, ""0-1"": 14.01, ""0-2"": 33.64, ""0-3"": 121.17, ""0-4"": 581.94, ""0-5"": 3493.74, ""0-6"": 25169.96, ""1-0"": 8.16, ""1-1"": 8.41, ""1-2"": 17.7, ""1-3"": 56.7, ""1-4"": 245.23, ""1-5"": 1339.04, ""1-6"": 8846.44, ""2-0"": 11.43, ""2-1"": 10.31, ""2-2"": 19.21, ""2-3"": 55.08, ""2-4"": 215.2, ""2-5"": 1070.24, ""2-6"": 6486.42, ""3-0"": 24.0, ""3-1"": 19.27, ""3-2"": 32.11, ""3-3"": 82.93, ""3-4"": 293.87, ""3-5"": 1334.15, ""3-6"": 7426.15, ""4-0"": 67.19, ""4-1"": 48.57, ""4-2"": 73.12, ""4-3"": 171.3, ""4-4"": 553.05, ""4-5"": 2298.9, ""4-6"": 11772.88, ""5-0"": 235.13, ""5-1"": 154.6, ""5-2"": 211.98, ""5-3"": 453.33, ""5-4"": 1340.06, ""5-5"": 5117.71, ""5-6"": 24168.11, ""6-0"": 987.43, ""6-1"": 595.37, ""6-2"": 748.89, ""6-3"": 1470.87, ""6-4"": 4000.28, ""6-5"": 14087.91, ""6-6"": 61516.21}",,,A,2.44,3.58,3.22
2026-09-02T09:10:20.834826+00:00,26-27,3,0,False,2026-09-05 14:00:00,Man City,Coventry,0.6436,0.2176,0.1388,1.55,4.6,7.2,"{""0-0"": 15.87, ""0-1"": 22.03, ""0-2"": 61.19, ""0-3"": 254.88, ""0-4"": 1415.61, ""0-5"": 9827.77, ""0-6"": 81874.58, ""1-0"": 8.57, ""1-1"": 10.37, ""1-2"": 25.51, ""1-3"": 95.4, ""1-4"": 480.72, ""1-5"": 3054.22, ""1-6"": 23454.64, ""2-0"": 9.25, ""2-1"": 9.92, ""2-2"": 21.83, ""2-3"": 73.72, ""2-4"": 338.11, ""2-5"": 1969.22, ""2-6"": 13950.04, ""3-0"": 14.97, ""3-1"": 14.41, ""3-2"": 28.66, ""3-3"": 87.88, ""3-4"": 368.24, ""3-5"": 1970.6, ""3-6"": 12894.39, ""4-0"": 32.32, ""4-1"": 28.23, ""4-2"": 51.09, ""4-3"": 143.14, ""4-4"": 550.3, ""4-5"": 2713.45, ""4-6"": 16429.62, ""5-0"": 87.22, ""5-1"": 69.73, ""5-2"": 115.66, ""5-3"": 297.76, ""5-4"": 1054.76, ""5-5"": 4807.24, ""5-6"": 26993.48, ""6-0"": 282.45, ""6-1"": 208.15, ""6-2"": 318.49, ""6-3"": 757.35, ""6-4"": 2482.51, ""6-5"": 10492.77, ""6-6"": 54775.61}",,,H,1.22,8.31,16.49
2026-09-02T09:10:20.834826+00:00,26-27,3,0,False,2026-09-05 14:00:00,Nott'm Forest,Tottenham,0.3852,0.2963,0.3186,2.6,3.38,3.14,"{""0-0"": 10.23, ""0-1"": 10.23, ""0-2"": 20.48, ""0-3"": 61.5, ""0-4"": 246.2, ""0-5"": 1232.02, ""0-6"": 7398.17, ""1-0"": 9.05, ""1-1"": 7.71, ""1-2"": 13.45, ""1-3"": 35.75, ""1-4"": 128.44, ""1-5"": 582.9, ""1-6"": 3202.14, ""2-0"": 16.02, ""2-1"": 11.89, ""2-2"": 18.26, ""2-3"": 43.27, ""2-4"": 139.91, ""2-5"": 576.55, ""2-6"": 2898.09, ""3-0"": 42.55, ""3-1"": 27.97, ""3-2"": 38.27, ""3-3"": 81.36, ""3-4"": 237.75, ""3-5"": 891.6, ""3-6"": 4104.87, ""4-0"": 150.65, ""4-1"": 88.86, ""4-2"": 109.44, ""4-3"": 210.28, ""4-4"": 558.01, ""4-5"": 1910.16, ""4-6"": 8068.8, ""5-0"": 666.73, ""5-1"": 356.66, ""5-2"": 398.88, ""5-3"": 697.43, ""5-4"": 1689.42, ""5-5"": 5297.84, ""5-6"": 20580.9, ""6-0"": 3540.97, ""6-1"": 1732.89, ""6-2"": 1773.28, ""6-3"": 2839.87, ""6-4"": 6311.63, ""6-5"": 18202.49, ""6-6"": 65214.03}",,,D,2.56,3.62,3.0
2026-09-02T09:10:20.834826+00:00,26-27,3,0,False,2026-09-05 16:30:00,Hull,Aston Villa,0.356,0.2793,0.3647,2.81,3.58,2.74,"{""0-0"": 12.89, ""0-1"": 10.84, ""0-2"": 18.22, ""0-3"": 45.97, ""0-4"": 154.64, ""0-5"": 650.22, ""0-6"": 3280.7, ""1-0"": 11.0, ""1-1"": 8.11, ""1-2"": 12.13, ""1-3"": 27.57, ""1-4"": 84.38, ""1-5"": 325.42, ""1-6"": 1516.42, ""2-0"": 18.78, ""2-1"": 12.32, ""2-2"": 16.55, ""2-3"": 34.08, ""2-4"": 95.17, ""2-5"": 337.27, ""2-6"": 1452.76, ""3-0"": 48.09, ""3-1"": 28.41, ""3-2"": 34.59, ""3-3"": 64.86, ""3-4"": 165.95, ""3-5"": 541.6, ""3-6"": 2159.36, ""4-0"": 164.23, ""4-1"": 88.27, ""4-2"": 98.08, ""4-3"": 168.46, ""4-4"": 396.41, ""4-5"": 1194.85, ""4-6"": 4417.39, ""5-0"": 700.96, ""5-1"": 345.58, ""5-2"": 352.82, ""5-3"": 558.13, ""5-4"": 1212.94, ""5-5"": 3386.66, ""5-6"": 11635.03, ""6-0"": 3590.29, ""6-1"": 1634.76, ""6-2"": 1542.78, ""6-3"": 2258.94, ""6-4"": 4552.19, ""6-5"": 11811.22, ""6-6"": 37798.49}",,,D,4.23,3.86,1.98
2026-09-02T09:10:20.834826+00:00,26-27,3,0,False,2026-09-06 13:00:00,Everton,Man United,0.305,0.2912,0.4038,3.28,3.43,2.48,"{""0-0"": 10.74, ""0-1"": 9.05, ""0-2"": 15.24, ""0-3"": 38.52, ""0-4"": 129.81, ""0-5"": 546.74, ""0-6"": 2763.32, ""1-0"": 10.84, ""1-1"": 7.82, ""1-2"": 11.53, ""1-3"": 25.89, ""1-4"": 78.5, ""1-5"": 300.51, ""1-6"": 1392.14, ""2-0"": 21.87, ""2-1"": 13.81, ""2-2"": 18.0, ""2-3"": 36.14, ""2-4"": 98.9, ""2-5"": 344.64, ""2-6"": 1463.84, ""3-0"": 66.18, ""3-1"": 37.13, ""3-2"": 43.28, ""3-3"": 78.22, ""3-4"": 194.01, ""3-5"": 616.76, ""3-6"": 2404.56, ""4-0"": 267.06, ""4-1"": 134.84, ""4-2"": 141.86, ""4-3"": 232.35, ""4-4"": 524.75, ""4-5"": 1526.39, ""4-6"": 5471.88, ""5-0"": 1347.11, ""5-1"": 618.25, ""5-2"": 592.02, ""5-3"": 884.64, ""5-4"": 1828.06, ""5-5"": 4882.47, ""5-6"": 16131.23, ""6-0"": 8154.22, ""6-1"": 3430.1, ""6-2"": 3011.57, ""6-3"": 4130.57, ""6-4"": 7848.5, ""6-5"": 19319.35, ""6-6"": 58987.38}",,,D,3.26,3.91,2.29
2026-09-02T09:10:20.834826+00:00,26-27,3,0,False,2026-09-06 15:30:00,Arsenal,Chelsea,0.5806,0.2503,0.1691,1.72,4.0,5.91,"{""0-0"": 12.25, ""0-1"": 16.92, ""0-2"": 46.73, ""0-3"": 193.61, ""0-4"": 1069.47, ""0-5"": 7384.53, ""0-6"": 61186.69, ""1-0"": 7.72, ""1-1"": 9.1, ""1-2"": 21.93, ""1-3"": 80.6, ""1-4"": 400.02, ""1-5"": 2507.42, ""1-6"": 19022.22, ""2-0"": 9.72, ""2-1"": 10.01, ""2-2"": 21.28, ""2-3"": 69.79, ""2-4"": 312.12, ""2-5"": 1778.37, ""2-6"": 12355.8, ""3-0"": 18.38, ""3-1"": 16.77, ""3-2"": 31.83, ""3-3"": 93.79, ""3-4"": 379.58, ""3-5"": 1970.31, ""3-6"": 12550.2, ""4-0"": 46.3, ""4-1"": 37.97, ""4-2"": 64.94, ""4-3"": 173.14, ""4-4"": 637.09, ""4-5"": 3021.86, ""4-6"": 17677.25, ""5-0"": 145.83, ""5-1"": 108.55, ""5-2"": 168.79, ""5-3"": 409.96, ""5-4"": 1378.41, ""5-5"": 5995.56, ""5-6"": 32285.55, ""6-0"": 551.18, ""6-1"": 375.65, ""6-2"": 534.92, ""6-3"": 1191.15, ""6-4"": 3678.12, ""6-5"": 14726.98, ""6-6"": 73203.29}",,,H,1.77,4.1,5.21
2026-09-12T08:44:48.238221+00:00,26-27,4,0,False,2026-09-12 14:00:00,Bournemouth,Brentford,0.5232,0.2624,0.2144,1.91,3.81,4.66,"{""0-0"": 12.69, ""0-1"": 14.89, ""0-2"": 34.97, ""0-3"": 123.17, ""0-4"": 578.38, ""0-5"": 3395.08, ""0-6"": 23914.74, ""1-0"": 8.49, ""1-1"": 8.63, ""1-2"": 17.88, ""1-3"": 56.33, ""1-4"": 239.26, ""1-5"": 1282.04, ""1-6"": 8306.6, ""2-0"": 11.37, ""2-1"": 10.19, ""2-2"": 18.81, ""2-3"": 53.31, ""2-4"": 205.45, ""2-5"": 1006.47, ""2-6"": 6001.94, ""3-0"": 22.82, ""3-1"": 18.31, ""3-2"": 30.39, ""3-3"": 77.96, ""3-4"": 273.7, ""3-5"": 1228.77, ""3-6"": 6752.49, ""4-0"": 61.1, ""4-1"": 44.34, ""4-2"": 66.78, ""4-3"": 156.04, ""4-4"": 501.21, ""4-5"": 2067.98, ""4-6"": 10491.22, ""5-0"": 204.49, ""5-1"": 135.44, ""5-2"": 186.51, ""5-3"": 399.39, ""5-4"": 1178.99, ""5-5"": 4485.28, ""5-6"": 21053.78, ""6-0"": 821.2, ""6-1"": 500.31, ""6-2"": 634.08, ""6-3"": 1251.28, ""6-4"": 3409.99, ""6-5"": 12003.11, ""6-6"": 52264.84}",,,,2.57,3.7,2.94
2026-09-12T08:44:48.238221+00:00,26-27,4,0,False,2026-09-12 14:00:00,Aston Villa,Nott'm Forest,0.4672,0.2754,0.2573,2.14,3.63,3.89,"{""0-0"": 12.11, ""0-1"": 12.95, ""0-2"": 27.69, ""0-3"": 88.83, ""0-4"": 379.86, ""0-5"": 2030.61, ""0-6"": 13025.79, ""1-0"": 8.88, ""1-1"": 8.23, ""1-2"": 15.52, ""1-3"": 44.54, ""1-4"": 172.31, ""1-5"": 840.9, ""1-6"": 4962.19, ""2-0"": 13.03, ""2-1"": 10.65, ""2-2"": 17.9, ""2-3"": 46.2, ""2-4"": 162.21, ""2-5"": 723.88, ""2-6"": 3931.99, ""3-0"": 28.66, ""3-1"": 20.95, ""3-2"": 31.69, ""3-3"": 74.07, ""3-4"": 236.91, ""3-5"": 968.97, ""3-6"": 4850.81, ""4-0"": 84.05, ""4-1"": 55.59, ""4-2"": 76.3, ""4-3"": 162.49, ""4-4"": 475.57, ""4-5"": 1787.83, ""4-6"": 8263.52, ""5-0"": 308.15, ""5-1"": 186.06, ""5-2"": 233.53, ""5-3"": 455.79, ""5-4"": 1226.18, ""5-5"": 4250.83, ""5-6"": 18181.18, ""6-0"": 1355.71, ""6-1"": 753.02, ""6-2"": 870.0, ""6-3"": 1564.93, ""6-4"": 3887.04, ""6-5"": 12469.5, ""6-6"": 49478.95}",,,,2.31,3.58,3.47
2026-09-12T08:44:48.238221+00:00,26-27,4,0,False,2026-09-12 14:00:00,Chelsea,Hull,0.4888,0.25,0.2613,2.05,4.0,3.83,"{""0-0"": 17.73, ""0-1"": 16.23, ""0-2"": 29.73, ""0-3"": 81.66, ""0-4"": 299.11, ""0-5"": 1369.39, ""0-6"": 7523.31, ""1-0"": 11.16, ""1-1"": 9.17, ""1-2"": 15.25, ""1-3"": 38.35, ""1-4"": 129.51, ""1-5"": 550.07, ""1-6"": 2818.24, ""2-0"": 14.04, ""2-1"": 10.48, ""2-2"": 15.92, ""2-3"": 36.81, ""2-4"": 114.95, ""2-5"": 453.78, ""2-6"": 2170.67, ""3-0"": 26.5, ""3-1"": 18.11, ""3-2"": 25.29, ""3-3"": 54.03, ""3-4"": 156.52, ""3-5"": 575.51, ""3-6"": 2574.1, ""4-0"": 66.69, ""4-1"": 42.02, ""4-2"": 54.28, ""4-3"": 107.55, ""4-4"": 289.99, ""4-5"": 995.59, ""4-6"": 4170.76, ""5-0"": 209.8, ""5-1"": 122.64, ""5-2"": 147.24, ""5-3"": 271.75, ""5-4"": 684.13, ""5-5"": 2198.42, ""5-6"": 8642.33, ""6-0"": 792.04, ""6-1"": 431.78, ""6-2"": 483.97, ""6-3"": 835.21, ""6-4"": 1969.37, ""6-5"": 5938.64, ""6-6"": 21951.19}",,,,1.27,7.26,13.42
2026-09-12T08:44:48.238221+00:00,26-27,4,0,False,2026-09-12 14:00:00,Crystal Palace,Ipswich,0.5309,0.2464,0.2227,1.88,4.06,4.49,"{""0-0"": 16.42, ""0-1"": 16.98, ""0-2"": 35.12, ""0-3"": 108.97, ""0-4"": 450.8, ""0-5"": 2331.19, ""0-6"": 14466.2, ""1-0"": 10.02, ""1-1"": 9.22, ""1-2"": 17.18, ""1-3"": 48.48, ""1-4"": 183.91, ""1-5"": 878.18, ""1-6"": 5061.82, ""2-0"": 12.24, ""2-1"": 10.14, ""2-2"": 17.14, ""2-3"": 44.22, ""2-4"": 154.3, ""2-5"": 681.64, ""2-6"": 3653.3, ""3-0"": 22.42, ""3-1"": 16.89, ""3-2"": 26.1, ""3-3"": 61.84, ""3-4"": 199.19, ""3-5"": 815.89, ""3-6"": 4071.91, ""4-0"": 54.75, ""4-1"": 37.84, ""4-2"": 53.78, ""4-3"": 117.59, ""4-4"": 350.83, ""4-5"": 1335.79, ""4-6"": 6218.85, ""5-0"": 167.15, ""5-1"": 106.66, ""5-2"": 140.24, ""5-3"": 284.35, ""5-4"": 788.58, ""5-5"": 2798.71, ""5-6"": 12178.7, ""6-0"": 612.35, ""6-1"": 362.95, ""6-2"": 443.73, ""6-3"": 837.76, ""6-4"": 2167.33, ""6-5"": 7189.66, ""6-6"": 29306.32}",,,,1.97,3.88,4.25
2026-09-12T08:44:48.238221+00:00,26-27,4,0,False,2026-09-12 14:00:00,Liverpool,Fulham,0.553,0.2592,0.1877,1.81,3.86,5.33,"{""0-0"": 11.93, ""0-1"": 15.62, ""0-2"": 40.9, ""0-3"": 160.62, ""0-4"": 841.08, ""0-5"": 5505.39, ""0-6"": 43243.64, ""1-0"": 7.85, ""1-1"": 8.78, ""1-2"": 20.09, ""1-3"": 70.05, ""1-4"": 329.79, ""1-5"": 1960.81, ""1-6"": 14108.4, ""2-0"": 10.32, ""2-1"": 10.09, ""2-2"": 20.39, ""2-3"": 63.5, ""2-4"": 269.61, ""2-5"": 1458.0, ""2-6"": 9612.55, ""3-0"": 20.36, ""3-1"": 17.67, ""3-2"": 31.9, ""3-3"": 89.31, ""3-4"": 343.38, ""3-5"": 1692.74, ""3-6"": 10236.97, ""4-0"": 53.54, ""4-1"": 41.79, ""4-2"": 68.02, ""4-3"": 172.48, ""4-4"": 603.31, ""4-5"": 2719.29, ""4-6"": 15111.17, ""5-0"": 176.03, ""5-1"": 124.82, ""5-2"": 184.77, ""5-3"": 427.08, ""5-4"": 1365.89, ""5-5"": 5648.84, ""5-6"": 28911.69, ""6-0"": 694.52, ""6-1"": 451.11, ""6-2"": 611.9, ""6-3"": 1297.34, ""6-4"": 3812.58, ""6-5"": 14522.26, ""6-6"": 68645.49}",,,,1.58,4.97,6.07
2026-09-12T08:44:48.238221+00:00,26-27,4,0,False,2026-09-12 16:30:00,Tottenham,Everton,0.3712,0.2867,0.3422,2.69,3.49,2.92,"{""0-0"": 11.63, ""0-1"": 10.58, ""0-2"": 19.23, ""0-3"": 52.46, ""0-4"": 190.78, ""0-5"": 867.33, ""0-6"": 4731.7, ""1-0"": 10.04, ""1-1"": 7.91, ""1-2"": 12.69, ""1-3"": 30.96, ""1-4"": 101.85, ""1-5"": 422.68, ""1-6"": 2121.13, ""2-0"": 17.34, ""2-1"": 12.05, ""2-2"": 17.22, ""2-3"": 37.8, ""2-4"": 112.85, ""2-5"": 428.23, ""2-6"": 1977.93, ""3-0"": 44.92, ""3-1"": 27.92, ""3-2"": 35.9, ""3-3"": 71.34, ""3-4"": 194.01, ""3-5"": 674.66, ""3-6"": 2871.74, ""4-0"": 155.16, ""4-1"": 87.22, ""4-2"": 101.77, ""4-3"": 184.24, ""4-4"": 458.42, ""4-5"": 1465.17, ""4-6"": 5757.77, ""5-0"": 669.88, ""5-1"": 343.77, ""5-2"": 366.74, ""5-3"": 608.42, ""5-4"": 1391.39, ""5-5"": 4100.59, ""5-6"": 14910.49, ""6-0"": 3470.48, ""6-1"": 1638.24, ""6-2"": 1608.64, ""6-3"": 2459.41, ""6-4"": 5192.52, ""6-5"": 14159.7, ""6-6"": 47763.1}",,,,2.11,3.94,3.68
2026-09-12T08:44:48.238221+00:00,26-27,4,0,False,2026-09-12 19:00:00,Sunderland,Arsenal,0.257,0.2771,0.4659,3.89,3.61,2.15,"{""0-0"": 11.86, ""0-1"": 8.78, ""0-2"": 12.99, ""0-3"": 28.84, ""0-4"": 85.39, ""0-5"": 315.99, ""0-6"": 1403.17, ""1-0"": 12.8, ""1-1"": 8.19, ""1-2"": 10.67, ""1-3"": 21.16, ""1-4"": 56.6, ""1-5"": 191.03, ""1-6"": 779.69, ""2-0"": 27.63, ""2-1"": 15.56, ""2-2"": 18.04, ""2-3"": 32.15, ""2-4"": 77.94, ""2-5"": 240.27, ""2-6"": 901.88, ""3-0"": 89.45, ""3-1"": 45.0, ""3-2"": 46.88, ""3-3"": 75.53, ""3-4"": 166.63, ""3-5"": 470.29, ""3-6"": 1625.42, ""4-0"": 386.15, ""4-1"": 175.52, ""4-2"": 165.74, ""4-3"": 242.98, ""4-4"": 489.96, ""4-5"": 1269.78, ""4-6"": 4048.12, ""5-0"": 2083.75, ""5-1"": 863.86, ""5-2"": 745.08, ""5-3"": 1000.09, ""5-4"": 1851.66, ""5-5"": 4420.89, ""5-6"": 13030.05, ""6-0"": 13493.4, ""6-1"": 5141.62, ""6-2"": 4078.38, ""6-3"": 5040.47, ""6-4"": 8608.42, ""6-5"": 19001.2, ""6-6"": 51910.52}",,,,7.11,3.98,1.64
2026-09-12T08:44:48.238221+00:00,26-27,4,0,False,2026-09-13 13:00:00,Coventry,Brighton,0.3485,0.2859,0.3656,2.87,3.5,2.74,"{""0-0"": 11.77, ""0-1"": 10.22, ""0-2"": 17.74, ""0-3"": 46.19, ""0-4"": 160.37, ""0-5"": 696.03, ""0-6"": 3625.17, ""1-0"": 10.53, ""1-1"": 7.93, ""1-2"": 12.16, ""1-3"": 28.34, ""1-4"": 89.07, ""1-5"": 353.12, ""1-6"": 1692.63, ""2-0"": 18.84, ""2-1"": 12.53, ""2-2"": 17.13, ""2-3"": 35.96, ""2-4"": 102.64, ""2-5"": 372.26, ""2-6"": 1643.22, ""3-0"": 50.57, ""3-1"": 30.1, ""3-2"": 37.06, ""3-3"": 70.49, ""3-4"": 183.4, ""3-5"": 609.99, ""3-6"": 2482.71, ""4-0"": 180.97, ""4-1"": 97.52, ""4-2"": 109.03, ""4-3"": 189.03, ""4-4"": 450.27, ""4-5"": 1377.23, ""4-6"": 5177.86, ""5-0"": 809.54, ""5-1"": 398.49, ""5-2"": 407.58, ""5-3"": 647.99, ""5-4"": 1419.48, ""5-5"": 4005.72, ""5-6"": 13942.2, ""6-0"": 4345.7, ""6-1"": 1968.66, ""6-2"": 1854.31, ""6-3"": 2718.27, ""6-4"": 5500.39, ""6-5"": 14369.88, ""6-6"": 46421.39}",,,,4.09,3.98,1.98
2026-09-12T08:44:48.238221+00:00,26-27,4,0,False,2026-09-13 15:30:00,Man United,Man City,0.3597,0.2666,0.3738,2.78,3.75,2.68,"{""0-0"": 15.64, ""0-1"": 12.1, ""0-2"": 18.73, ""0-3"": 43.47, ""0-4"": 134.55, ""0-5"": 520.52, ""0-6"": 2416.49, ""1-0"": 12.39, ""1-1"": 8.55, ""1-2"": 11.95, ""1-3"": 25.29, ""1-4"": 71.91, ""1-5"": 257.28, ""1-6"": 1110.86, ""2-0"": 19.62, ""2-1"": 12.24, ""2-2"": 15.55, ""2-3"": 30.13, ""2-4"": 78.95, ""2-5"": 261.72, ""2-6"": 1052.21, ""3-0"": 46.63, ""3-1"": 26.5, ""3-2"": 30.85, ""3-3"": 55.0, ""3-4"": 133.24, ""3-5"": 410.16, ""3-6"": 1537.57, ""4-0"": 147.73, ""4-1"": 77.13, ""4-2"": 82.73, ""4-3"": 136.39, ""4-4"": 306.5, ""4-5"": 878.37, ""4-6"": 3075.74, ""5-0"": 585.06, ""5-1"": 282.49, ""5-2"": 280.74, ""5-3"": 429.79, ""5-4"": 899.14, ""5-5"": 2405.16, ""5-6"": 7882.37, ""6-0"": 2780.37, ""6-1"": 1248.61, ""6-2"": 1155.35, ""6-3"": 1649.28, ""6-4"": 3222.97, ""6-5"": 8068.81, ""6-6"": 24801.46}",,,,3.26,4.18,2.2
2026-09-12T08:44:48.238221+00:00,26-27,4,0,False,2026-09-14 19:00:00,Leeds,Newcastle,0.481,0.2698,0.2491,2.08,3.71,4.01,"{""0-0"": 12.78, ""0-1"": 13.64, ""0-2"": 29.12, ""0-3"": 93.22, ""0-4"": 397.99, ""0-5"": 2123.89, ""0-6"": 13601.0, ""1-0"": 9.03, ""1-1"": 8.39, ""1-2"": 15.86, ""1-3"": 45.58, ""1-4"": 176.47, ""1-5"": 861.59, ""1-6"": 5084.6, ""2-0"": 12.75, ""2-1"": 10.5, ""2-2"": 17.75, ""2-3"": 46.02, ""2-4"": 162.12, ""2-5"": 725.31, ""2-6"": 3947.41, ""3-0"": 27.01, ""3-1"": 19.96, ""3-2"": 30.45, ""3-3"": 71.69, ""3-4"": 230.66, ""3-5"": 947.9, ""3-6"": 4763.73, ""4-0"": 76.32, ""4-1"": 51.14, ""4-2"": 70.99, ""4-3"": 152.64, ""4-4"": 450.41, ""4-5"": 1704.97, ""4-6"": 7926.47, ""5-0"": 269.52, ""5-1"": 165.22, ""5-2"": 210.18, ""5-3"": 415.09, ""5-4"": 1128.25, ""5-5"": 3946.45, ""5-6"": 17010.08, ""6-0"": 1142.12, ""6-1"": 645.22, ""6-2"": 756.96, ""6-3"": 1380.44, ""6-4"": 3471.05, ""6-5"": 11256.32, ""6-6"": 45093.34}",,,,2.45,3.74,3.08
2026-09-19T09:48:59.550634+00:00,26-27,5,0,False,2026-09-19 11:30:00,Tottenham,Aston Villa,0.4605,0.2891,0.2504,2.17,3.46,3.99,"{""0-0"": 10.15, ""0-1"": 11.89, ""0-2"": 27.85, ""0-3"": 97.86, ""0-4"": 458.43, ""0-5"": 2684.37, ""0-6"": 18862.39, ""1-0"": 8.01, ""1-1"": 7.94, ""1-2"": 16.11, ""1-3"": 49.95, ""1-4"": 209.39, ""1-5"": 1109.42, ""1-6"": 7118.23, ""2-0"": 12.62, ""2-1"": 10.85, ""2-2"": 19.32, ""2-3"": 53.2, ""2-4"": 200.13, ""2-5"": 960.52, ""2-6"": 5627.46, ""3-0"": 29.86, ""3-1"": 22.64, ""3-2"": 35.82, ""3-3"": 88.2, ""3-4"": 299.01, ""3-5"": 1302.73, ""3-6"": 6975.51, ""4-0"": 94.18, ""4-1"": 63.89, ""4-2"": 90.71, ""4-3"": 201.3, ""4-4"": 618.14, ""4-5"": 2452.28, ""4-6"": 12021.07, ""5-0"": 371.27, ""5-1"": 227.91, ""5-2"": 293.1, ""5-3"": 590.46, ""5-4"": 1650.97, ""5-5"": 5986.06, ""5-6"": 26927.48, ""6-0"": 1756.34, ""6-1"": 984.5, ""6-2"": 1156.07, ""6-3"": 2128.54, ""6-4"": 5448.54, ""6-5"": 18128.6, ""6-6"": 75050.16}",,,,2.02,3.94,3.98
2026-09-19T09:48:59.550634+00:00,26-27,5,0,False,2026-09-19 14:00:00,Brighton,Arsenal,0.3084,0.2829,0.4086,3.24,3.53,2.45,"{""0-0"": 11.95, ""0-1"": 9.6, ""0-2"": 15.45, ""0-3"": 37.26, ""0-4"": 119.84, ""0-5"": 481.78, ""0-6"": 2324.32, ""1-0"": 11.47, ""1-1"": 8.01, ""1-2"": 11.38, ""1-3"": 24.59, ""1-4"": 71.61, ""1-5"": 263.05, ""1-6"": 1168.21, ""2-0"": 22.04, ""2-1"": 13.59, ""2-2"": 17.24, ""2-3"": 33.55, ""2-4"": 88.75, ""2-5"": 298.35, ""2-6"": 1220.53, ""3-0"": 63.52, ""3-1"": 35.09, ""3-2"": 40.07, ""3-3"": 70.69, ""3-4"": 170.54, ""3-5"": 525.88, ""3-6"": 1984.16, ""4-0"": 244.04, ""4-1"": 122.07, ""4-2"": 126.65, ""4-3"": 203.72, ""4-4"": 450.14, ""4-5"": 1276.88, ""4-6"": 4451.47, ""5-0"": 1172.02, ""5-1"": 535.68, ""5-2"": 508.61, ""5-3"": 750.44, ""5-4"": 1525.35, ""5-5"": 3993.21, ""5-6"": 12891.42, ""6-0"": 6754.59, ""6-1"": 2841.89, ""6-2"": 2485.52, ""6-3"": 3382.43, ""6-4"": 6352.4, ""6-5"": 15399.9, ""6-6"": 46155.48}",,,,4.98,4.2,1.78
2026-09-19T09:48:59.550634+00:00,26-27,5,0,False,2026-09-19 14:00:00,Everton,Ipswich,0.5192,0.2641,0.2168,1.93,3.79,4.61,"{""0-0"": 12.51, ""0-1"": 14.67, ""0-2"": 34.43, ""0-3"": 121.16, ""0-4"": 568.53, ""0-5"": 3334.74, ""0-6"": 23472.05, ""1-0"": 8.46, ""1-1"": 8.58, ""1-2"": 17.74, ""1-3"": 55.81, ""1-4"": 236.71, ""1-5"": 1266.8, ""1-6"": 8198.23, ""2-0"": 11.43, ""2-1"": 10.22, ""2-2"": 18.82, ""2-3"": 53.21, ""2-4"": 204.67, ""2-5"": 1000.88, ""2-6"": 5958.93, ""3-0"": 23.19, ""3-1"": 18.53, ""3-2"": 30.66, ""3-3"": 78.44, ""3-4"": 274.66, ""3-5"": 1230.25, ""3-6"": 6746.6, ""4-0"": 62.71, ""4-1"": 45.31, ""4-2"": 67.97, ""4-3"": 158.29, ""4-4"": 506.84, ""4-5"": 2085.33, ""4-6"": 10552.34, ""5-0"": 211.97, ""5-1"": 139.73, ""5-2"": 191.56, ""5-3"": 408.58, ""5-4"": 1201.76, ""5-5"": 4556.86, ""5-6"": 21325.67, ""6-0"": 859.83, ""6-1"": 521.12, ""6-2"": 657.27, ""6-3"": 1291.26, ""6-4"": 3504.57, ""6-5"": 12289.83, ""6-6"": 53329.61}",,,,1.86,4.0,4.69
2026-09-19T09:48:59.550634+00:00,26-27,5,0,False,2026-09-19 14:00:00,Newcastle,Hull,0.4985,0.2432,0.2583,2.01,4.11,3.87,"{""0-0"": 19.73, ""0-1"": 17.51, ""0-2"": 31.06, ""0-3"": 82.67, ""0-4"": 293.38, ""0-5"": 1301.39, ""0-6"": 6927.32, ""1-0"": 11.87, ""1-1"": 9.53, ""1-2"": 15.45, ""1-3"": 37.83, ""1-4"": 124.33, ""1-5"": 513.54, ""1-6"": 2557.55, ""2-0"": 14.29, ""2-1"": 10.48, ""2-2"": 15.6, ""2-3"": 35.3, ""2-4"": 107.73, ""2-5"": 415.13, ""2-6"": 1936.67, ""3-0"": 25.79, ""3-1"": 17.4, ""3-2"": 23.94, ""3-3"": 50.26, ""3-4"": 142.87, ""3-5"": 514.7, ""3-6"": 2252.6, ""4-0"": 62.07, ""4-1"": 38.78, ""4-2"": 49.55, ""4-3"": 96.9, ""4-4"": 257.33, ""4-5"": 868.59, ""4-6"": 3572.04, ""5-0"": 186.73, ""5-1"": 108.65, ""5-2"": 129.5, ""5-3"": 236.74, ""5-4"": 589.08, ""5-5"": 1867.4, ""5-6"": 7229.17, ""6-0"": 674.12, ""6-1"": 366.97, ""6-2"": 409.73, ""6-3"": 702.7, ""6-4"": 1643.01, ""6-5"": 4902.87, ""6-6"": 17900.33}",,,,1.67,4.57,5.51
2026-09-19T09:48:59.550634+00:00,26-27,5,0,False,2026-09-19 16:30:00,Nott'm Forest,Coventry,0.5071,0.2796,0.2133,1.97,3.58,4.69,"{""0-0"": 10.31, ""0-1"": 13.29, ""0-2"": 34.26, ""0-3"": 132.49, ""0-4"": 683.25, ""0-5"": 4404.2, ""0-6"": 34067.24, ""1-0"": 7.57, ""1-1"": 8.23, ""1-2"": 18.33, ""1-3"": 62.44, ""1-4"": 287.62, ""1-5"": 1675.22, ""1-6"": 11818.66, ""2-0"": 11.12, ""2-1"": 10.44, ""2-2"": 20.37, ""2-3"": 61.48, ""2-4"": 253.7, ""2-5"": 1336.53, ""2-6"": 8599.27, ""3-0"": 24.49, ""3-1"": 20.26, ""3-2"": 35.02, ""3-3"": 94.34, ""3-4"": 350.25, ""3-5"": 1672.44, ""3-6"": 9821.46, ""4-0"": 71.95, ""4-1"": 53.17, ""4-2"": 82.33, ""4-3"": 199.52, ""4-4"": 669.81, ""4-5"": 2907.97, ""4-6"": 15612.7, ""5-0"": 264.2, ""5-1"": 176.41, ""5-2"": 247.07, ""5-3"": 542.72, ""5-4"": 1656.55, ""5-5"": 6563.52, ""5-6"": 32294.2, ""6-0"": 1164.17, ""6-1"": 708.98, ""6-2"": 905.55, ""6-3"": 1815.58, ""6-4"": 5066.46, ""6-5"": 18396.61, ""6-6"": 83195.15}",,,,1.71,4.23,5.6
2026-09-19T09:48:59.550634+00:00,26-27,5,0,False,2026-09-20 13:00:00,Bournemouth,Liverpool,0.4697,0.2804,0.2499,2.13,3.57,4.0,"{""0-0"": 11.22, ""0-1"": 12.61, ""0-2"": 28.34, ""0-3"": 95.55, ""0-4"": 429.58, ""0-5"": 2414.01, ""0-6"": 16278.71, ""1-0"": 8.42, ""1-1"": 8.12, ""1-2"": 15.97, ""1-3"": 47.89, ""1-4"": 193.83, ""1-5"": 990.49, ""1-6"": 6124.06, ""2-0"": 12.64, ""2-1"": 10.67, ""2-2"": 18.58, ""2-3"": 49.84, ""2-4"": 182.17, ""2-5"": 847.66, ""2-6"": 4807.07, ""3-0"": 28.46, ""3-1"": 21.36, ""3-2"": 33.28, ""3-3"": 80.4, ""3-4"": 266.46, ""3-5"": 1131.63, ""3-6"": 5892.7, ""4-0"": 85.45, ""4-1"": 57.73, ""4-2"": 81.25, ""4-3"": 177.95, ""4-4"": 537.25, ""4-5"": 2088.56, ""4-6"": 10004.03, ""5-0"": 320.68, ""5-1"": 197.02, ""5-2"": 252.47, ""5-3"": 504.7, ""5-4"": 1394.8, ""5-5"": 4980.71, ""5-6"": 21995.85, ""6-0"": 1444.15, ""6-1"": 813.52, ""6-2"": 956.19, ""6-3"": 1755.13, ""6-4"": 4461.76, ""6-5"": 14689.47, ""6-6"": 59972.46}",,,,3.26,4.06,2.24
2026-09-19T09:48:59.550634+00:00,26-27,5,0,False,2026-09-20 13:00:00,Leeds,Crystal Palace,0.5251,0.2641,0.2108,1.9,3.79,4.74,"{""0-0"": 12.25, ""0-1"": 14.75, ""0-2"": 35.52, ""0-3"": 128.28, ""0-4"": 617.7, ""0-5"": 3718.03, ""0-6"": 26855.17, ""1-0"": 8.28, ""1-1"": 8.59, ""1-2"": 18.18, ""1-3"": 58.56, ""1-4"": 254.49, ""1-5"": 1395.7, ""1-6"": 9258.5, ""2-0"": 11.18, ""2-1"": 10.2, ""2-2"": 19.17, ""2-3"": 55.41, ""2-4"": 217.99, ""2-5"": 1090.92, ""2-6"": 6649.51, ""3-0"": 22.66, ""3-1"": 18.44, ""3-2"": 31.09, ""3-3"": 81.14, ""3-4"": 290.13, ""3-5"": 1328.0, ""3-6"": 7446.58, ""4-0"": 61.22, ""4-1"": 44.96, ""4-2"": 68.63, ""4-3"": 162.79, ""4-4"": 531.49, ""4-5"": 2231.56, ""4-6"": 11531.92, ""5-0"": 206.78, ""5-1"": 138.34, ""5-2"": 192.71, ""5-3"": 418.09, ""5-4"": 1252.12, ""5-5"": 4838.64, ""5-6"": 23096.22, ""6-0"": 838.01, ""6-1"": 514.9, ""6-2"": 659.08, ""6-3"": 1315.43, ""6-4"": 3630.58, ""6-5"": 12959.2, ""6-6"": 57288.02}",,,,1.78,4.15,5.03
2026-09-19T09:48:59.550634+00:00,26-27,5,0,False,2026-09-20 13:00:00,Man City,Sunderland,0.5811,0.2376,0.1813,1.72,4.21,5.52,"{""0-0"": 15.43, ""0-1"": 18.48, ""0-2"": 44.26, ""0-3"": 158.97, ""0-4"": 761.35, ""0-5"": 4557.99, ""0-6"": 32744.97, ""1-0"": 9.03, ""1-1"": 9.51, ""1-2"": 20.31, ""1-3"": 65.83, ""1-4"": 287.29, ""1-5"": 1579.63, ""1-6"": 10492.15, ""2-0"": 10.58, ""2-1"": 9.93, ""2-2"": 19.08, ""2-3"": 56.13, ""2-4"": 223.89, ""2-5"": 1132.57, ""2-6"": 6961.46, ""3-0"": 18.57, ""3-1"": 15.73, ""3-2"": 27.44, ""3-3"": 73.64, ""3-4"": 269.45, ""3-5"": 1257.01, ""3-6"": 7159.74, ""4-0"": 43.48, ""4-1"": 33.57, ""4-2"": 53.51, ""4-3"": 131.73, ""4-4"": 443.94, ""4-5"": 1914.99, ""4-6"": 10125.86, ""5-0"": 127.26, ""5-1"": 90.22, ""5-2"": 132.32, ""5-3"": 300.41, ""5-4"": 936.17, ""5-5"": 3745.27, ""5-6"": 18423.74, ""6-0"": 446.96, ""6-1"": 292.95, ""6-2"": 397.6, ""6-3"": 836.48, ""6-4"": 2419.94, ""6-5"": 9006.68, ""6-6"": 41315.08}",,,,1.35,6.03,10.47
2026-09-19T09:48:59.550634+00:00,26-27,5,0,False,2026-09-20 15:30:00,Fulham,Man United,0.3608,0.303,0.3362,2.77,3.3,2.97,"{""0-0"": 9.54, ""0-1"": 9.48, ""0-2"": 18.85, ""0-3"": 56.22, ""0-4"": 223.53, ""0-5"": 1110.98, ""0-6"": 6626.09, ""1-0"": 9.06, ""1-1"": 7.59, ""1-2"": 13.05, ""1-3"": 34.29, ""1-4"": 121.8, ""1-5"": 547.12, ""1-6"": 2976.64, ""2-0"": 17.19, ""2-1"": 12.47, ""2-2"": 18.76, ""2-3"": 43.68, ""2-4"": 139.06, ""2-5"": 565.05, ""2-6"": 2804.09, ""3-0"": 48.97, ""3-1"": 31.27, ""3-2"": 41.72, ""3-3"": 86.72, ""3-4"": 248.42, ""3-5"": 915.15, ""3-6"": 4145.84, ""4-0"": 185.94, ""4-1"": 106.1, ""4-2"": 126.83, ""4-3"": 237.24, ""4-4"": 614.66, ""4-5"": 2059.18, ""4-6"": 8530.14, ""5-0"": 882.6, ""5-1"": 455.12, ""5-2"": 492.18, ""5-3"": 834.67, ""5-4"": 1966.56, ""5-5"": 6013.74, ""5-6"": 22834.05, ""6-0"": 5027.21, ""6-1"": 2364.75, ""6-2"": 2332.59, ""6-3"": 3611.17, ""6-4"": 7780.0, ""6-5"": 21806.93, ""6-6"": 76116.75}",,,,3.64,3.94,2.12
2026-09-19T09:53:19.771511+00:00,26-27,5,0,False,2026-09-18 19:00:00,Brentford,Chelsea,0.4934,0.26,0.2466,2.03,3.85,4.05,"{""0-0"": 14.54, ""0-1"": 14.84, ""0-2"": 30.28, ""0-3"": 92.71, ""0-4"": 378.43, ""0-5"": 1930.96, ""0-6"": 11823.45, ""1-0"": 9.68, ""1-1"": 8.71, ""1-2"": 15.91, ""1-3"": 44.06, ""1-4"": 164.18, ""1-5"": 770.67, ""1-6"": 4369.02, ""2-0"": 12.88, ""2-1"": 10.38, ""2-2"": 17.09, ""2-3"": 43.05, ""2-4"": 146.92, ""2-5"": 635.55, ""2-6"": 3339.03, ""3-0"": 25.73, ""3-1"": 18.74, ""3-2"": 28.08, ""3-3"": 64.65, ""3-4"": 202.8, ""3-5"": 810.36, ""3-6"": 3951.07, ""4-0"": 68.49, ""4-1"": 45.56, ""4-2"": 62.5, ""4-3"": 132.28, ""4-4"": 382.81, ""4-5"": 1416.73, ""4-6"": 6422.03, ""5-0"": 227.96, ""5-1"": 139.49, ""5-2"": 176.36, ""5-3"": 344.76, ""5-4"": 924.07, ""5-5"": 3176.59, ""5-6"": 13415.2, ""6-0"": 910.44, ""6-1"": 515.79, ""6-2"": 604.35, ""6-3"": 1096.4, ""6-4"": 2732.17, ""6-5"": 8750.14, ""6-6"": 34506.37}",3.0,0.0,H,2.69,3.8,2.74
