Date,Time,HomeTeam,AwayTeam,FTR,FTHG,FTAG,Home_TablePosDiff,Home_TablePosDiff_Rolling5,Home_GoalsFor_Rolling5,Home_GoalsAgainst_Rolling5,Home_GoalDifference_Rolling5,Home_Shots_Rolling5,Home_ShotsAgainst_Rolling5,Home_ShotDifference_Rolling5,Home_ShotsOnTarget_Rolling5,Home_ShotsOnTargetAgainst_Rolling5,Home_ShotOnTargetDifference_Rolling5,Home_ShotAccuracy_Rolling5,Home_Corners_Rolling5,Home_CornerDifference_Rolling5,Home_Fouls_Rolling5,Home_FoulDifference_Rolling5,Home_Points_Rolling5,Home_Win_Rolling5,Away_TablePosDiff,Away_TablePosDiff_Rolling5,Away_GoalsFor_Rolling5,Away_GoalsAgainst_Rolling5,Away_GoalDifference_Rolling5,Away_Shots_Rolling5,Away_ShotsAgainst_Rolling5,Away_ShotDifference_Rolling5,Away_ShotsOnTarget_Rolling5,Away_ShotsOnTargetAgainst_Rolling5,Away_ShotOnTargetDifference_Rolling5,Away_ShotAccuracy_Rolling5,Away_Corners_Rolling5,Away_CornerDifference_Rolling5,Away_Fouls_Rolling5,Away_FoulDifference_Rolling5,Away_Points_Rolling5,Away_Win_Rolling5
2013-08-21,00:00,Chelsea,Aston Villa,H,2,1,0,0.0,2.0,0.0,2.0,22.0,7.0,15.0,5.0,2.0,3.0,0.22727272727272727,5.0,4.0,7.0,9.0,3.0,1.0,0,0.0,3.0,1.0,2.0,9.0,16.0,-7.0,4.0,4.0,0.0,0.4444444444444444,3.0,-1.0,18.0,-3.0,3.0,1.0
2013-08-31,00:00,Cardiff,Everton,D,0,0,0,0.0,3.0,2.0,1.0,9.0,16.0,-7.0,6.0,5.0,1.0,0.6666666666666666,3.0,-5.0,2.0,7.0,3.0,1.0,0,0.0,2.0,2.0,0.0,19.0,8.0,11.0,6.0,2.0,4.0,0.3157894736842105,8.0,2.0,10.0,3.0,1.0,0.5
2013-08-31,00:00,Crystal Palace,Sunderland,H,3,1,0,0.0,0.0,1.0,-1.0,5.0,17.0,-12.0,3.0,2.0,1.0,0.6,3.0,-4.0,6.0,3.0,0.0,0.0,0,0.0,1.0,1.0,0.0,8.0,17.0,-9.0,3.0,6.0,-3.0,0.375,2.0,-3.0,13.0,-1.0,1.0,0.5
2013-08-31,00:00,Man City,Hull,H,2,0,0,0.0,4.0,0.0,4.0,20.0,5.0,15.0,11.0,1.0,10.0,0.55,8.0,7.0,9.0,-2.0,3.0,1.0,0,0.0,0.0,2.0,-2.0,7.0,22.0,-15.0,2.0,5.0,-3.0,0.2857142857142857,1.0,-4.0,16.0,-9.0,0.0,0.0
2013-08-31,00:00,Newcastle,Fulham,H,1,0,0,0.0,0.0,0.0,0.0,16.0,6.0,10.0,0.0,1.0,-1.0,0.0,5.0,1.0,12.0,2.0,1.0,0.5,0,0.0,1.0,0.0,1.0,5.0,20.0,-15.0,1.0,3.0,-2.0,0.2,1.0,-5.0,14.0,0.0,3.0,1.0
2013-08-31,00:00,Norwich,Southampton,H,1,0,0,0.0,2.0,2.0,0.0,8.0,19.0,-11.0,2.0,6.0,-4.0,0.25,6.0,-2.0,13.0,-3.0,1.0,0.5,0,0.0,1.0,0.0,1.0,7.0,11.0,-4.0,2.0,1.0,1.0,0.2857142857142857,8.0,4.0,24.0,-10.0,3.0,1.0
2013-08-31,00:00,West Ham,Stoke,A,0,1,0,0.0,2.0,0.0,2.0,18.0,12.0,6.0,4.0,1.0,3.0,0.2222222222222222,4.0,1.0,10.0,-3.0,3.0,1.0,0,0.0,0.0,1.0,-1.0,10.0,26.0,-16.0,4.0,11.0,-7.0,0.4,6.0,-6.0,11.0,0.0,0.0,0.0
2013-09-01,00:00,Arsenal,Tottenham,H,1,0,0,0.0,1.0,3.0,-2.0,16.0,9.0,7.0,4.0,4.0,0.0,0.25,4.0,1.0,15.0,3.0,0.0,0.0,0,0.0,1.0,0.0,1.0,17.0,5.0,12.0,2.0,3.0,-1.0,0.11764705882352941,7.0,4.0,9.0,-3.0,3.0,1.0
2013-09-01,00:00,Liverpool,Man United,H,1,0,0,0.0,1.0,0.0,1.0,26.0,10.0,16.0,11.0,4.0,7.0,0.4230769230769231,12.0,6.0,11.0,0.0,3.0,1.0,0,0.0,4.0,1.0,3.0,15.0,17.0,-2.0,7.0,6.0,1.0,0.4666666666666667,4.0,-3.0,10.0,3.0,3.0,1.0
2013-09-01,00:00,West Brom,Swansea,A,0,2,0,0.0,0.0,1.0,-1.0,11.0,7.0,4.0,1.0,2.0,-1.0,0.09090909090909091,4.0,-4.0,14.0,10.0,0.0,0.0,0,0.0,0.0,1.0,-1.0,7.0,19.0,-12.0,5.0,5.0,0.0,0.7142857142857143,3.0,-5.0,15.0,-5.0,0.0,0.0
2013-09-14,00:00,Aston Villa,Newcastle,A,1,2,-1,0.0,0.0,1.0,-1.0,17.0,5.0,12.0,3.0,1.0,2.0,0.17647058823529413,8.0,6.0,9.0,-1.0,0.0,0.0,1,0.0,0.0,4.0,-4.0,5.0,20.0,-15.0,1.0,11.0,-10.0,0.2,1.0,-7.0,7.0,2.0,0.0,0.0
2013-09-14,00:00,Everton,Chelsea,H,1,0,-12,0.0,0.0,0.0,0.0,22.0,7.0,15.0,8.0,2.0,6.0,0.36363636363636365,11.0,10.0,14.0,1.0,1.0,0.5,12,0.0,0.0,0.0,0.0,8.0,13.0,-5.0,4.0,3.0,1.0,0.5,1.0,-3.0,9.0,0.0,1.0,0.5
2013-09-14,00:00,Fulham,West Brom,D,1,1,3,0.0,1.0,3.0,-2.0,16.0,18.0,-2.0,7.0,7.0,0.0,0.4375,1.0,-7.0,10.0,-2.0,0.0,0.0,-3,0.0,0.0,0.0,0.0,7.0,22.0,-15.0,2.0,8.0,-6.0,0.2857142857142857,1.0,-10.0,15.0,-1.0,1.0,0.5
2013-09-14,00:00,Hull,Cardiff,D,1,1,-5,0.0,1.0,0.0,1.0,6.0,13.0,-7.0,1.0,4.0,-3.0,0.16666666666666666,1.0,-4.0,14.0,5.0,3.0,1.0,5,0.0,0.0,2.0,-2.0,12.0,18.0,-6.0,1.0,4.0,-3.0,0.08333333333333333,3.0,-1.0,7.0,3.0,0.0,0.0
2013-09-14,00:00,Man United,Crystal Palace,H,2,0,6,0.0,0.0,0.0,0.0,13.0,8.0,5.0,3.0,4.0,-1.0,0.23076923076923078,4.0,3.0,9.0,0.0,1.0,0.5,-6,0.0,1.0,2.0,-1.0,14.0,14.0,0.0,5.0,5.0,0.0,0.35714285714285715,0.0,-7.0,6.0,7.0,0.0,0.0
2013-09-14,00:00,Stoke,Man City,D,0,0,-3,0.0,2.0,1.0,1.0,14.0,14.0,0.0,5.0,5.0,0.0,0.35714285714285715,7.0,7.0,13.0,-7.0,3.0,1.0,3,0.0,2.0,3.0,-1.0,16.0,9.0,7.0,5.0,6.0,-1.0,0.3125,8.0,5.0,9.0,-7.0,0.0,0.0
2013-09-14,00:00,Sunderland,Arsenal,A,1,3,-13,0.0,0.0,1.0,-1.0,20.0,5.0,15.0,3.0,1.0,2.0,0.15,6.0,5.0,14.0,0.0,0.0,0.0,13,0.0,3.0,1.0,2.0,18.0,16.0,2.0,7.0,7.0,0.0,0.3888888888888889,8.0,7.0,8.0,2.0,3.0,1.0
2013-09-14,00:00,Tottenham,Norwich,H,2,0,3,0.0,1.0,0.0,1.0,19.0,7.0,12.0,5.0,5.0,0.0,0.2631578947368421,8.0,5.0,10.0,5.0,3.0,1.0,-3,0.0,0.0,1.0,-1.0,13.0,6.0,7.0,4.0,1.0,3.0,0.3076923076923077,5.0,4.0,19.0,-5.0,0.0,0.0
2013-09-15,00:00,Southampton,West Ham,D,0,0,-1,0.0,1.0,1.0,0.0,17.0,8.0,9.0,6.0,3.0,3.0,0.35294117647058826,5.0,3.0,12.0,1.0,1.0,0.5,1,0.0,0.0,0.0,0.0,6.0,16.0,-10.0,1.0,0.0,1.0,0.16666666666666666,4.0,-1.0,14.0,-2.0,1.0,0.5
2013-09-16,00:00,Swansea,Liverpool,D,2,2,-15,0.0,1.0,4.0,-3.0,17.0,15.0,2.0,6.0,7.0,-1.0,0.35294117647058826,7.0,3.0,13.0,-3.0,0.0,0.0,15,0.0,1.0,0.0,1.0,5.0,17.0,-12.0,1.0,3.0,-2.0,0.2,2.0,-6.0,8.0,1.0,3.0,1.0
2013-09-21,00:00,Chelsea,Fulham,H,2,0,8,0.0,2.0,0.5,1.5,18.5,7.0,11.5,4.0,2.5,1.5,0.21363636363636362,3.0,1.5,9.5,5.0,3.0,1.0,-8,0.0,0.5,0.5,0.0,4.0,22.0,-18.0,1.5,6.0,-4.5,0.43333333333333335,1.5,-8.0,11.5,2.0,1.5,0.5
2013-09-21,00:00,Liverpool,Southampton,A,0,1,9,0.0,1.0,0.0,1.0,18.0,10.0,8.0,8.0,4.0,4.0,0.46153846153846156,7.0,0.5,13.0,0.0,3.0,1.0,-9,0.0,0.5,0.5,0.0,9.0,13.0,-4.0,2.0,2.5,-0.5,0.23376623376623376,6.5,2.0,19.5,-7.0,1.5,0.5
2013-09-21,00:00,Newcastle,Hull,A,2,3,6,0.0,0.5,0.0,0.5,20.0,4.5,15.5,4.5,1.5,3.0,0.1875,9.0,6.0,12.5,-1.0,2.0,0.75,-6,0.0,0.0,2.0,-2.0,7.0,17.0,-10.0,2.0,5.5,-3.5,0.2857142857142857,2.5,-3.5,15.0,-4.0,0.0,0.0
2013-09-21,00:00,Norwich,Aston Villa,A,0,1,2,0.0,1.5,1.0,0.5,11.5,15.0,-3.5,3.0,4.0,-1.0,0.2583333333333333,5.5,-1.0,12.0,0.5,2.0,0.75,-2,0.0,2.0,1.5,0.5,8.0,15.5,-7.5,3.5,3.5,0.0,0.4365079365079365,2.5,0.0,15.5,-2.0,1.5,0.5
2013-09-21,00:00,West Brom,Sunderland,H,3,0,1,0.0,0.0,1.5,-1.5,10.5,9.5,1.0,1.0,3.0,-2.0,0.09545454545454546,3.0,-2.5,12.0,7.0,0.0,0.0,-1,0.0,1.0,2.0,-1.0,9.0,17.0,-8.0,2.5,6.0,-3.5,0.2875,4.0,-1.5,9.5,-0.5,0.5,0.25
2013-09-21,00:00,West Ham,Everton,A,2,3,-2,0.0,1.0,0.5,0.5,13.5,13.5,0.0,2.0,3.0,-1.0,0.1111111111111111,3.5,0.0,10.0,-0.5,1.5,0.5,2,0.0,1.0,1.0,0.0,16.0,6.0,10.0,4.5,1.5,3.0,0.2732793522267206,6.5,1.5,9.5,2.5,1.0,0.5
2013-09-22,00:00,Arsenal,Stoke,H,3,1,6,0.0,1.0,1.5,-0.5,14.0,11.5,2.5,4.5,4.0,0.5,0.33333333333333337,3.5,-1.0,15.0,1.0,1.5,0.5,-6,0.0,0.5,0.5,0.0,12.5,17.5,-5.0,4.5,5.5,-1.0,0.3666666666666667,5.0,-2.5,11.5,-1.0,1.5,0.5
2013-09-22,00:00,Cardiff,Tottenham,A,0,1,-11,0.0,1.5,1.0,0.5,6.5,14.5,-8.0,3.5,4.0,-0.5,0.4583333333333333,3.5,-3.0,6.5,2.5,2.0,0.75,11,0.0,0.5,0.5,0.0,15.5,8.5,7.0,3.0,4.0,-1.0,0.20168067226890757,6.5,3.5,11.5,-1.0,1.5,0.5
2013-09-22,00:00,Crystal Palace,Swansea,A,0,2,-3,0.0,1.5,1.0,0.5,11.0,13.5,-2.5,4.5,2.0,2.5,0.4764705882352941,4.5,-2.0,6.0,1.5,1.5,0.5,3,0.0,1.0,0.5,0.5,9.5,14.5,-5.0,4.5,3.0,1.5,0.5238095238095238,3.0,-2.0,14.5,-4.5,1.5,0.5
2013-09-22,00:00,Man City,Man United,H,4,1,1,0.0,3.0,0.0,3.0,16.0,6.0,10.0,8.5,1.5,7.0,0.525,7.5,5.0,12.0,-1.5,3.0,1.0,-1,0.0,2.0,1.0,1.0,12.5,13.5,-1.0,5.5,5.5,0.0,0.43333333333333335,5.5,1.0,12.5,1.5,1.5,0.5
2013-09-28,00:00,Aston Villa,Man City,H,3,2,-10,-0.5,0.5,1.5,-1.0,13.5,11.0,2.5,2.0,4.5,-2.5,0.13823529411764707,6.0,4.0,9.0,0.5,0.0,0.0,10,1.5,1.0,1.5,-0.5,13.0,10.0,3.0,4.0,4.5,-0.5,0.30625,6.0,3.5,10.0,-2.5,0.5,0.25
2013-09-28,00:00,Fulham,Cardiff,A,1,2,-2,1.5,1.0,2.0,-1.0,14.0,15.0,-1.0,4.5,5.5,-1.0,0.3020833333333333,2.5,-4.0,9.5,0.5,0.5,0.25,2,2.5,0.5,1.5,-1.0,11.0,18.0,-7.0,1.5,4.5,-3.0,0.14166666666666666,2.5,-2.5,7.5,1.5,0.5,0.25
2013-09-28,00:00,Hull,West Ham,H,1,0,3,-2.5,1.0,0.5,0.5,12.0,11.5,0.5,3.0,3.0,0.0,0.2222222222222222,3.5,0.0,11.0,2.5,2.0,0.75,-3,0.5,0.0,0.0,0.0,6.0,15.5,-9.5,1.0,2.5,-1.5,0.16666666666666666,4.0,-3.5,12.0,0.0,1.0,0.5
2013-09-28,00:00,Man United,West Brom,A,1,2,4,3.0,1.0,0.0,1.0,16.0,6.0,10.0,5.0,2.0,3.0,0.29959514170040485,7.0,6.0,8.5,1.5,2.0,0.75,-4,-1.5,0.5,0.5,0.0,9.5,17.0,-7.5,3.0,5.0,-2.0,0.30952380952380953,3.0,-4.5,13.5,-2.0,1.0,0.5
2013-09-28,00:00,Southampton,Crystal Palace,H,2,0,9,-0.5,0.5,0.5,0.0,16.0,7.0,9.0,5.5,2.0,3.5,0.3431372549019608,7.5,4.5,12.0,-0.5,1.0,0.5,-9,-3.0,0.5,2.0,-1.5,9.0,16.5,-7.5,2.5,6.0,-3.5,0.17857142857142858,0.5,-8.0,8.5,2.0,0.0,0.0
2013-09-28,00:00,Swansea,Arsenal,A,1,2,-12,-7.5,1.5,3.0,-1.5,17.0,13.5,3.5,7.0,6.0,1.0,0.4117647058823529,5.0,-0.5,10.0,0.0,0.5,0.25,12,6.5,3.0,1.0,2.0,16.0,16.5,-0.5,6.5,4.5,2.0,0.4087301587301587,7.5,4.0,9.0,2.0,3.0,1.0
2013-09-28,00:00,Tottenham,Chelsea,D,1,1,3,1.5,1.5,0.0,1.5,21.0,5.5,15.5,6.0,3.0,3.0,0.2837528604118993,8.0,6.0,6.0,7.5,3.0,1.0,-3,6.0,0.0,0.5,-0.5,15.0,12.0,3.0,4.5,4.0,0.5,0.36363636363636365,4.0,-0.5,10.5,-1.0,0.5,0.25
2013-09-29,00:00,Stoke,Norwich,A,0,1,3,-1.5,1.0,0.5,0.5,12.5,12.0,0.5,4.0,4.0,0.0,0.31493506493506496,4.5,2.5,13.0,-4.5,2.0,0.75,-3,-1.5,0.0,1.5,-1.5,8.5,14.5,-6.0,2.5,4.0,-1.5,0.27884615384615385,3.0,-1.5,15.5,-7.5,0.0,0.0
2013-09-29,00:00,Sunderland,Liverpool,A,1,3,-14,-6.5,0.5,2.0,-1.5,18.5,9.5,9.0,2.5,3.5,-1.0,0.1338235294117647,6.0,2.0,13.0,-1.0,0.0,0.0,14,7.5,1.5,1.0,0.5,8.5,17.0,-8.5,3.0,5.5,-2.5,0.30833333333333335,4.5,-1.0,9.0,-1.0,2.0,0.75
2013-09-30,00:00,Everton,Newcastle,H,3,2,8,-6.0,0.5,0.0,0.5,16.5,14.5,2.0,6.5,3.5,3.0,0.40909090909090906,8.0,4.0,12.0,1.5,2.0,0.75,-8,0.5,1.0,2.5,-1.5,11.0,15.0,-4.0,4.5,6.0,-1.5,0.33529411764705885,1.5,-4.5,9.0,0.0,1.5,0.5
2013-10-05,00:00,Cardiff,Newcastle,A,1,2,5,-3.6666666666666665,1.0,1.0,0.0,6.333333333333333,19.333333333333332,-13.0,2.3333333333333335,6.666666666666667,-4.333333333333333,0.3055555555555555,3.0,-5.333333333333333,6.0,2.3333333333333335,1.3333333333333333,0.5,-5,-2.3333333333333335,1.3333333333333333,2.6666666666666665,-1.3333333333333333,12.333333333333334,16.0,-3.6666666666666665,5.0,6.333333333333333,-1.3333333333333333,0.3568627450980392,1.3333333333333333,-3.0,11.0,-3.3333333333333335,1.0,0.3333333333333333
2013-10-05,00:00,Fulham,Stoke,H,1,0,-2,0.3333333333333333,1.0,2.0,-1.0,12.333333333333334,17.333333333333332,-5.0,4.666666666666667,5.0,-0.3333333333333333,0.3865740740740741,5.333333333333333,-2.3333333333333335,11.0,0.0,0.3333333333333333,0.16666666666666666,2,-2.0,0.6666666666666666,1.3333333333333333,-0.6666666666666666,11.333333333333334,17.0,-5.666666666666667,4.0,6.333333333333333,-2.3333333333333335,0.35555555555555557,5.666666666666667,-1.3333333333333333,12.666666666666666,-3.0,1.0,0.3333333333333333
2013-10-05,00:00,Hull,Aston Villa,D,0,0,2,-0.6666666666666666,1.0,0.3333333333333333,0.6666666666666666,11.0,13.666666666666666,-2.6666666666666665,2.6666666666666665,3.6666666666666665,-1.0,0.2222222222222222,4.333333333333333,0.0,11.0,2.0,2.3333333333333335,0.8333333333333334,-2,-0.6666666666666666,1.6666666666666667,1.0,0.6666666666666666,10.666666666666666,14.333333333333334,-3.6666666666666665,3.6666666666666665,2.6666666666666665,1.0,0.37433862433862436,3.0,-1.0,13.666666666666666,0.3333333333333333,2.0,0.6666666666666666
2013-10-05,00:00,Liverpool,Crystal Palace,H,3,1,17,3.0,0.6666666666666666,0.3333333333333333,0.3333333333333333,15.333333333333334,10.666666666666666,4.666666666666667,7.0,5.0,2.0,0.4743589743589744,6.666666666666667,0.3333333333333333,10.666666666666666,1.0,2.0,0.6666666666666666,-17,-5.0,0.3333333333333333,2.0,-1.6666666666666667,8.666666666666666,15.0,-6.333333333333333,1.6666666666666667,5.0,-3.3333333333333335,0.11904761904761905,1.0,-7.333333333333333,9.666666666666666,1.0,0.0,0.0
2013-10-05,00:00,Man City,Everton,H,3,1,-4,0.3333333333333333,3.3333333333333335,0.3333333333333333,3.0,16.666666666666668,8.666666666666666,8.0,7.333333333333333,2.0,5.333333333333333,0.44259259259259265,7.666666666666667,4.666666666666667,10.666666666666666,0.3333333333333333,3.0,1.0,4,0.6666666666666666,1.6666666666666667,1.3333333333333333,0.3333333333333333,14.0,7.0,7.0,4.333333333333333,1.3333333333333333,3.0,0.3155195681511471,6.0,1.0,10.333333333333334,3.0,1.6666666666666667,0.6666666666666666
2013-10-05,00:00,Sunderland,Man United,A,1,2,-7,-9.0,0.6666666666666666,2.3333333333333335,-1.6666666666666667,20.0,11.333333333333334,8.666666666666666,3.3333333333333335,4.333333333333333,-1.0,0.16167945439045184,7.333333333333333,2.0,11.333333333333334,0.0,0.0,0.0,7,-0.3333333333333333,1.6666666666666667,2.0,-0.3333333333333333,13.0,15.0,-2.0,4.666666666666667,5.333333333333333,-0.6666666666666666,0.3603174603174603,5.0,-0.6666666666666666,12.333333333333334,-0.3333333333333333,1.0,0.3333333333333333
2013-10-06,00:00,Norwich,Chelsea,A,1,3,-9,0.6666666666666666,1.0,1.0,0.0,11.666666666666666,15.333333333333334,-3.6666666666666665,2.3333333333333335,4.0,-1.6666666666666667,0.19999999999999998,6.0,0.3333333333333333,13.0,-1.3333333333333333,1.3333333333333333,0.5,9,3.0,0.3333333333333333,0.6666666666666666,-0.3333333333333333,13.666666666666666,12.0,1.6666666666666667,4.666666666666667,4.0,0.6666666666666666,0.39393939393939387,4.333333333333333,0.0,11.666666666666666,-0.6666666666666666,0.6666666666666666,0.3333333333333333
2013-10-06,00:00,Southampton,Swansea,H,2,0,7,2.6666666666666665,1.0,0.3333333333333333,0.6666666666666666,14.666666666666666,7.333333333333333,7.333333333333333,4.666666666666667,1.3333333333333333,3.3333333333333335,0.31209150326797386,7.666666666666667,5.0,11.666666666666666,0.0,1.6666666666666667,0.6666666666666666,-7,1.0,1.3333333333333333,0.3333333333333333,1.0,11.333333333333334,12.666666666666666,-1.3333333333333333,5.333333333333333,2.3333333333333335,3.0,0.5047619047619047,4.333333333333333,-1.0,12.666666666666666,-1.6666666666666667,2.0,0.6666666666666666
2013-10-06,00:00,Tottenham,West Ham,A,0,3,12,2.0,1.3333333333333333,0.3333333333333333,1.0,18.0,7.333333333333333,10.666666666666666,5.333333333333333,3.6666666666666665,1.6666666666666667,0.300279684719044,6.666666666666667,3.6666666666666665,8.666666666666666,5.0,2.3333333333333335,0.8333333333333334,-12,-0.6666666666666666,0.0,0.3333333333333333,-0.3333333333333333,10.0,13.333333333333334,-3.3333333333333335,2.3333333333333335,2.3333333333333335,0.0,0.20370370370370372,4.666666666666667,-2.3333333333333335,12.0,-0.3333333333333333,0.6666666666666666,0.3333333333333333
2013-10-06,00:00,West Brom,Arsenal,D,1,1,-11,0.3333333333333333,1.0,1.0,0.0,11.333333333333334,8.666666666666666,2.6666666666666665,2.0,2.0,0.0,0.16620046620046622,3.6666666666666665,-2.0,11.0,5.0,1.0,0.3333333333333333,11,8.333333333333334,2.6666666666666665,1.0,1.6666666666666667,14.0,14.333333333333334,-0.3333333333333333,5.666666666666667,4.0,1.6666666666666667,0.40582010582010586,6.0,2.3333333333333335,9.666666666666666,-0.6666666666666666,3.0,1.0
2013-10-19,00:00,Arsenal,Norwich,H,4,1,17,2.0,1.6666666666666667,1.3333333333333333,0.3333333333333333,14.666666666666666,10.666666666666666,4.0,5.666666666666667,3.6666666666666665,2.0,0.3888888888888889,4.333333333333333,-1.0,12.666666666666666,3.0,2.0,0.6666666666666666,-17,-2.0,0.3333333333333333,1.0,-0.6666666666666666,8.333333333333334,12.333333333333334,-4.0,2.6666666666666665,3.0,-0.3333333333333333,0.3108974358974359,3.0,-2.3333333333333335,14.333333333333334,-4.333333333333333,1.0,0.3333333333333333
2013-10-19,00:00,Chelsea,Cardiff,H,4,1,11,2.6666666666666665,2.0,0.3333333333333333,1.6666666666666667,21.0,6.0,15.0,6.0,2.0,4.0,0.27062937062937065,6.333333333333333,4.333333333333333,10.0,2.6666666666666665,3.0,1.0,-11,2.3333333333333335,1.0,1.3333333333333333,-0.3333333333333333,14.666666666666666,15.0,-0.3333333333333333,2.3333333333333335,4.666666666666667,-2.3333333333333335,0.15505050505050505,5.0,-2.0,9.333333333333334,1.3333333333333333,1.3333333333333333,0.5
2013-10-19,00:00,Everton,Hull,H,2,1,1,-1.3333333333333333,1.3333333333333333,0.6666666666666666,0.6666666666666666,17.0,14.666666666666666,2.3333333333333335,6.666666666666667,4.333333333333333,2.3333333333333335,0.4023569023569024,5.666666666666667,2.6666666666666665,9.666666666666666,4.333333333333333,2.3333333333333335,0.8333333333333334,-1,-2.0,1.0,2.0,-1.0,8.666666666666666,16.333333333333332,-7.666666666666667,3.0,4.333333333333333,-1.3333333333333333,0.32936507936507936,2.6666666666666665,-2.3333333333333335,12.666666666666666,-1.6666666666666667,1.0,0.3333333333333333
2013-10-19,00:00,Man United,Southampton,D,1,1,-4,3.3333333333333335,1.0,0.6666666666666666,0.3333333333333333,15.333333333333334,8.0,7.333333333333333,5.333333333333333,2.6666666666666665,2.6666666666666665,0.3425872373240794,6.333333333333333,3.0,9.0,2.3333333333333335,1.3333333333333333,0.5,4,-3.0,0.6666666666666666,0.3333333333333333,0.3333333333333333,10.0,12.0,-2.0,3.6666666666666665,3.3333333333333335,0.3333333333333333,0.3502886002886003,6.333333333333333,1.3333333333333333,16.0,-5.666666666666667,2.0,0.6666666666666666
2013-10-19,00:00,Newcastle,Liverpool,D,2,2,-8,2.0,1.0,1.0,0.0,18.333333333333332,7.0,11.333333333333334,3.6666666666666665,2.6666666666666665,1.0,0.16944444444444443,7.0,4.0,12.0,-1.6666666666666667,1.3333333333333333,0.5,8,9.666666666666666,2.0,1.0,1.0,10.666666666666666,19.0,-8.333333333333334,4.0,5.333333333333333,-1.3333333333333333,0.33888888888888885,5.666666666666667,-1.3333333333333333,9.333333333333334,-1.3333333333333333,2.3333333333333335,0.8333333333333334
2013-10-19,00:00,Stoke,West Brom,D,0,0,-4,0.0,0.6666666666666666,0.6666666666666666,0.0,11.0,10.666666666666666,0.3333333333333333,3.0,3.6666666666666665,-0.6666666666666666,0.25162337662337664,5.333333333333333,3.0,13.333333333333334,-3.6666666666666665,1.3333333333333333,0.5,4,-2.3333333333333335,1.0,0.6666666666666666,0.3333333333333333,10.333333333333334,16.0,-5.666666666666667,3.3333333333333335,5.333333333333333,-2.0,0.31746031746031744,4.666666666666667,-2.0,13.666666666666666,-2.6666666666666665,1.6666666666666667,0.6666666666666666
2013-10-19,00:00,Swansea,Sunderland,H,4,0,4,-9.0,1.3333333333333333,2.6666666666666665,-1.3333333333333333,14.666666666666666,12.333333333333334,2.3333333333333335,5.666666666666667,5.333333333333333,0.3333333333333333,0.37450980392156863,4.666666666666667,0.0,8.333333333333334,2.0,0.3333333333333333,0.16666666666666666,-4,-0.3333333333333333,0.6666666666666666,2.3333333333333335,-1.6666666666666667,8.333333333333334,15.666666666666666,-7.333333333333333,1.6666666666666667,5.333333333333333,-3.6666666666666665,0.19166666666666665,4.666666666666667,-0.6666666666666666,9.666666666666666,-0.6666666666666666,0.3333333333333333,0.16666666666666666
2013-10-19,00:00,West Ham,Man City,A,1,3,-8,-0.6666666666666666,1.3333333333333333,1.3333333333333333,0.0,12.0,12.333333333333334,-0.3333333333333333,1.6666666666666667,3.3333333333333335,-1.6666666666666667,0.1111111111111111,4.0,0.0,12.0,-1.6666666666666667,1.0,0.3333333333333333,8,4.333333333333333,1.3333333333333333,2.0,-0.6666666666666666,15.333333333333334,9.333333333333334,6.0,5.0,4.333333333333333,0.6666666666666666,0.3208333333333333,8.333333333333334,6.0,9.666666666666666,-0.3333333333333333,0.3333333333333333,0.16666666666666666
2013-10-20,00:00,Aston Villa,Tottenham,A,0,2,-5,-3.6666666666666665,1.3333333333333333,1.6666666666666667,-0.3333333333333333,11.666666666666666,14.0,-2.3333333333333335,2.6666666666666665,5.333333333333333,-2.6666666666666665,0.25882352941176473,4.666666666666667,-1.0,10.333333333333334,-1.0,1.0,0.3333333333333333,5,3.6666666666666665,0.6666666666666666,0.3333333333333333,0.3333333333333333,20.0,7.666666666666667,12.333333333333334,6.0,2.6666666666666665,3.3333333333333335,0.2723848159953637,8.333333333333334,5.666666666666667,10.0,-1.3333333333333333,2.0,0.6666666666666666
2013-10-21,00:00,Crystal Palace,Fulham,A,1,4,-2,-1.0,1.0,1.3333333333333333,-0.3333333333333333,10.333333333333334,14.0,-3.6666666666666665,3.3333333333333335,3.6666666666666665,-0.3333333333333333,0.35468409586056643,5.0,-1.6666666666666667,8.333333333333334,-0.3333333333333333,1.0,0.3333333333333333,2,-2.6666666666666665,0.3333333333333333,1.0,-0.6666666666666666,4.0,23.333333333333332,-19.333333333333332,1.3333333333333333,7.333333333333333,-6.0,0.37222222222222223,2.0,-8.666666666666666,10.666666666666666,2.0,1.0,0.3333333333333333
2013-10-26,00:00,Aston Villa,Everton,A,0,2,-6,-4.0,1.0,1.75,-0.75,12.5,13.75,-1.25,2.5,5.5,-3.0,0.22745098039215686,4.5,-1.5,11.0,-1.0,0.75,0.25,6,1.5,1.5,1.75,-0.25,12.0,8.25,3.75,4.25,2.5,1.75,0.40330634278002697,4.75,-1.0,10.25,3.5,1.25,0.5
2013-10-26,00:00,Crystal Palace,Arsenal,A,0,2,-18,-1.25,1.0,2.0,-1.0,11.25,12.75,-1.5,3.5,4.25,-0.75,0.3374416433239963,5.0,-1.75,8.75,0.5,0.75,0.25,18,9.0,2.25,1.0,1.25,14.0,13.75,0.25,5.5,4.0,1.5,0.39365079365079364,5.0,0.75,10.0,-1.75,2.5,0.875
2013-10-26,00:00,Liverpool,West Brom,H,4,1,8,6.5,1.25,0.5,0.75,14.75,10.75,4.0,7.0,4.25,2.75,0.4903846153846154,7.75,2.25,10.75,-0.5,2.25,0.75,-8,-0.75,0.75,0.5,0.25,10.75,14.25,-3.5,3.75,4.75,-1.0,0.34226190476190477,5.0,-1.5,12.75,-1.5,1.5,0.625
2013-10-26,00:00,Man United,Stoke,H,3,2,8,1.5,1.0,0.75,0.25,14.5,10.5,4.0,5.25,3.75,1.5,0.36110709465972624,5.75,2.25,9.25,4.0,1.25,0.5,-8,-1.0,0.5,1.25,-0.75,12.5,15.0,-2.5,3.75,5.25,-1.5,0.31354166666666666,5.5,-1.5,12.75,-2.75,0.75,0.25
2013-10-26,00:00,Norwich,Cardiff,D,0,0,-1,-1.75,1.0,1.5,-0.5,12.25,17.0,-4.75,2.5,5.0,-2.5,0.20357142857142857,5.5,-0.25,12.75,-1.75,1.0,0.375,1,-1.0,1.0,2.0,-1.0,14.25,16.25,-2.0,2.5,5.25,-2.75,0.17398018648018648,6.0,-0.75,8.25,2.75,1.0,0.375
2013-10-26,00:00,Southampton,Fulham,H,2,0,5,3.75,1.25,0.25,1.0,14.0,9.75,4.25,4.5,2.75,1.75,0.3174019607843137,7.5,4.5,12.0,-1.25,2.0,0.75,-5,-1.5,1.25,1.0,0.25,5.25,21.0,-15.75,2.5,6.5,-4.0,0.4458333333333333,3.25,-6.0,11.25,0.75,1.5,0.5
2013-10-27,00:00,Chelsea,Man City,H,2,1,1,4.75,2.5,0.5,2.0,20.75,7.75,13.0,6.25,2.25,4.0,0.290472027972028,6.25,2.5,10.5,0.25,3.0,1.0,-1,5.25,1.75,1.75,0.0,15.5,9.75,5.75,6.0,3.75,2.25,0.38125,7.5,4.5,10.25,-1.5,1.0,0.375
2013-10-27,00:00,Sunderland,Newcastle,H,2,1,-10,-8.5,0.75,2.25,-1.5,16.5,11.75,4.75,3.0,4.75,-1.75,0.2045929241261722,6.5,1.5,12.25,-0.5,0.0,0.0,10,-3.0,1.5,2.25,-0.75,14.25,14.0,0.25,6.25,5.25,1.0,0.3926470588235294,1.75,-2.25,10.25,-1.75,1.5,0.5
2013-10-27,00:00,Swansea,West Ham,D,0,0,5,-5.75,2.0,2.0,0.0,14.5,10.75,3.75,5.75,4.25,1.5,0.3880252100840336,5.25,1.25,9.25,1.75,1.0,0.375,-5,-3.5,0.75,0.25,0.5,11.5,13.5,-2.0,3.0,2.75,0.25,0.2309027777777778,5.25,-1.5,11.25,-1.25,1.25,0.5
2013-10-27,00:00,Tottenham,Hull,H,1,0,3,4.5,1.0,1.0,0.0,17.0,9.5,7.5,5.0,4.0,1.0,0.2966383349678544,6.5,2.5,7.75,4.75,1.75,0.625,-3,-1.75,1.0,2.0,-1.0,8.75,15.75,-7.0,2.5,4.75,-2.25,0.2748015873015873,3.75,-1.25,13.75,-3.75,0.75,0.25
2013-11-02,00:00,Arsenal,Liverpool,H,2,0,2,5.75,2.25,1.25,1.0,16.0,11.0,5.0,7.0,4.25,2.75,0.4291666666666667,5.75,1.5,11.5,2.0,2.25,0.75,-2,9.25,2.0,1.25,0.75,13.75,17.75,-4.0,4.75,5.0,-0.25,0.3302536231884058,7.5,1.5,9.5,-1.5,2.0,0.75
2013-11-02,00:00,Fulham,Man United,A,1,3,-6,-0.25,1.0,1.5,-0.5,11.5,17.0,-5.5,4.0,4.5,-0.5,0.3454861111111111,5.75,-1.25,11.0,0.5,1.0,0.375,6,1.5,1.75,1.75,0.0,13.0,12.75,0.25,5.0,4.5,0.5,0.38562271062271064,4.75,-0.5,12.5,0.25,1.5,0.5
2013-11-02,00:00,Hull,Sunderland,H,1,0,9,0.0,0.75,0.25,0.5,9.75,14.75,-5.0,2.25,3.75,-1.5,0.20833333333333331,5.0,0.0,10.0,2.5,2.0,0.75,-9,-1.25,0.5,2.75,-2.25,7.75,15.25,-7.5,1.5,5.5,-4.0,0.18541666666666667,4.0,-1.75,10.5,-0.75,0.25,0.125
2013-11-02,00:00,Man City,Norwich,H,7,0,10,-0.75,3.25,0.5,2.75,15.5,8.0,7.5,7.0,2.5,4.5,0.4569444444444445,7.75,5.25,11.75,-1.0,3.0,1.0,-10,-5.75,0.5,1.75,-1.25,9.25,14.25,-5.0,3.5,5.0,-1.5,0.3581730769230769,2.5,-4.0,12.5,-3.0,0.75,0.25
2013-11-02,00:00,Newcastle,Chelsea,H,2,0,-9,-0.5,1.25,1.25,0.0,17.25,11.0,6.25,3.75,3.75,0.0,0.19851190476190475,6.0,0.5,11.0,-0.75,1.25,0.5,9,4.5,1.0,0.75,0.25,15.75,12.5,3.25,5.5,3.75,1.75,0.38636363636363635,4.75,0.5,11.0,0.25,1.25,0.5
2013-11-02,00:00,Stoke,Southampton,D,1,1,-11,-1.0,0.5,0.5,0.0,10.5,11.0,-0.5,3.0,4.0,-1.0,0.2720508658008658,5.5,2.25,13.0,-3.25,1.25,0.5,11,-1.25,0.75,0.5,0.25,12.0,12.0,0.0,4.5,3.75,0.75,0.35993867243867245,5.75,1.0,16.75,-6.5,1.75,0.625
2013-11-02,00:00,West Brom,Crystal Palace,H,2,0,8,-2.5,1.0,1.0,0.0,11.5,10.0,1.5,2.5,2.75,-0.25,0.20798368298368297,4.25,-0.5,9.75,5.0,1.0,0.375,-8,-8.0,0.5,2.25,-1.75,9.25,14.5,-5.25,1.75,5.5,-3.75,0.13474025974025974,1.5,-7.5,8.75,2.0,0.0,0.0
2013-11-02,00:00,West Ham,Aston Villa,D,0,0,-2,-2.5,1.25,1.75,-0.5,11.75,13.25,-1.5,1.75,4.75,-3.0,0.12878787878787878,4.25,0.0,10.75,0.0,0.75,0.25,2,-1.0,1.25,0.75,0.5,12.5,12.25,0.25,3.75,2.25,1.5,0.3363095238095238,4.0,-0.75,13.0,-0.75,1.75,0.625
2013-11-03,00:00,Cardiff,Swansea,H,1,0,-5,-1.5,1.0,1.25,-0.25,6.75,19.5,-12.75,2.25,7.5,-5.25,0.29166666666666663,3.0,-4.0,7.25,1.0,1.0,0.375,5,-1.0,1.0,0.75,0.25,12.75,12.5,0.25,5.75,2.75,3.0,0.4815126050420168,4.25,-1.5,11.5,0.0,1.5,0.5
2013-11-03,00:00,Everton,Tottenham,D,0,0,-1,-0.75,1.5,0.75,0.75,16.25,13.25,3.0,6.5,3.5,3.0,0.4089105339105339,5.5,1.5,9.0,5.75,2.5,0.875,1,4.0,1.0,0.25,0.75,18.25,9.5,8.75,6.0,2.5,3.5,0.3196732273811381,8.0,5.0,10.5,-0.75,2.25,0.75
2013-11-09,00:00,Aston Villa,Cardiff,H,2,0,-2,-4.4,0.8,1.8,-1.0,12.8,14.0,-1.2,2.6,5.2,-2.6,0.22481792717086835,5.2,-0.8,11.6,-2.0,0.6,0.2,2,-0.6,0.8,1.6,-0.8,12.6,19.2,-6.6,2.8,6.2,-3.4,0.27251748251748253,5.2,-2.8,8.6,1.8,1.0,0.4
2013-11-09,00:00,Chelsea,West Brom,D,2,2,10,4.0,2.4,0.6,1.8,19.0,9.2,9.8,5.8,3.0,2.8,0.29904428904428904,5.6,1.4,10.6,1.0,3.0,1.0,-10,-2.2,0.8,1.2,-0.4,11.6,15.0,-3.4,3.6,5.2,-1.6,0.3138095238095238,5.8,0.0,12.4,-0.6,1.2,0.5
2013-11-09,00:00,Crystal Palace,Everton,D,0,0,-13,-4.6,0.8,2.0,-1.2,11.6,12.2,-0.6,3.6,4.2,-0.6,0.3314917761976585,4.8,-1.2,9.4,-0.4,0.6,0.2,13,2.4,1.6,1.4,0.2,12.6,9.4,3.2,4.2,2.6,1.6,0.3759784075573549,5.0,-1.2,9.8,4.0,1.6,0.6
2013-11-09,00:00,Liverpool,Fulham,H,4,0,13,6.8,1.8,0.6,1.2,15.4,11.6,3.8,7.0,4.0,3.0,0.4700854700854701,6.8,0.6,11.4,-1.0,2.4,0.8,-13,-2.2,1.0,1.2,-0.2,4.4,20.8,-16.4,2.0,6.4,-4.4,0.35666666666666663,3.2,-6.2,10.6,1.4,1.2,0.4
2013-11-09,00:00,Norwich,West Ham,H,3,1,-3,-1.6,0.8,1.2,-0.4,16.0,14.8,1.2,4.0,4.8,-0.8,0.2273732718894009,7.0,2.0,11.8,-1.0,1.0,0.4,3,-3.8,0.6,0.2,0.4,12.2,12.8,-0.6,3.2,3.2,0.0,0.23805555555555555,5.4,-1.8,11.8,-1.4,1.2,0.5
2013-11-09,00:00,Southampton,Hull,H,4,1,5,4.0,1.4,0.2,1.2,15.2,8.0,7.2,4.8,2.2,2.6,0.31392156862745096,8.0,5.0,12.0,-1.8,2.2,0.8,-5,-2.0,0.8,1.8,-1.0,9.0,15.6,-6.6,2.8,5.0,-2.2,0.29984126984126985,3.8,-1.4,13.0,-2.4,0.6,0.2
2013-11-10,00:00,Man United,Arsenal,H,1,0,-7,2.8,1.4,1.0,0.4,15.4,10.4,5.0,5.2,4.0,1.2,0.3415172546751494,7.0,3.8,9.0,5.2,1.6,0.6,7,10.8,2.2,0.8,1.4,13.2,13.6,-0.4,5.2,4.0,1.2,0.39492063492063495,4.6,0.4,9.6,-0.6,2.6,0.9
2013-11-10,00:00,Sunderland,Man City,H,1,0,-11,-8.8,1.0,2.0,-1.0,14.8,12.6,2.2,3.2,4.6,-1.4,0.26367433930093775,6.2,1.6,12.4,-0.2,0.6,0.2,11,4.0,1.6,1.8,-0.2,15.4,10.2,5.2,6.0,3.8,2.2,0.38499999999999995,7.2,4.2,11.2,-2.0,0.8,0.3
2013-11-10,00:00,Swansea,Stoke,D,3,3,4,-3.6,1.6,1.6,0.0,13.6,11.6,2.0,5.6,4.2,1.4,0.41042016806722686,6.0,1.6,9.8,1.8,1.0,0.4,-4,-2.4,0.8,1.6,-0.8,12.0,15.8,-3.8,4.0,5.2,-1.2,0.35083333333333333,4.8,-3.2,13.8,-4.2,0.6,0.2
2013-11-10,00:00,Tottenham,Newcastle,A,0,1,4,4.2,1.0,0.8,0.2,16.6,9.6,7.0,5.2,4.0,1.2,0.31731066797428353,6.4,2.4,8.8,3.2,2.0,0.7,-4,-0.4,1.4,2.2,-0.8,14.6,12.8,1.8,5.8,5.0,0.8,0.36411764705882355,2.0,-2.2,11.0,-1.6,1.2,0.4
2013-11-23,00:00,Arsenal,Southampton,H,2,0,2,5.0,2.2,1.0,1.2,15.2,11.2,4.0,7.0,4.2,2.8,0.4600000000000001,5.2,0.8,11.4,0.8,2.4,0.8,-2,1.2,0.8,0.6,0.2,11.6,11.4,0.2,4.0,3.6,0.4,0.32795093795093794,5.6,0.8,16.0,-5.2,1.6,0.6
2013-11-23,00:00,Everton,Liverpool,D,3,3,-4,-0.8,1.2,0.6,0.6,14.6,13.8,0.8,5.4,4.0,1.4,0.3521284271284271,5.8,1.8,9.4,4.2,2.2,0.8,4,7.0,1.6,1.4,0.2,13.4,16.6,-3.2,4.6,5.4,-0.8,0.3308695652173913,7.0,1.6,9.0,-0.4,1.6,0.6
2013-11-23,00:00,Fulham,Swansea,A,1,2,-5,-1.4,1.0,1.8,-0.8,12.2,15.6,-3.4,4.4,4.4,0.0,0.3563888888888889,5.4,-1.0,10.0,1.6,0.8,0.3,5,0.2,0.8,0.8,0.0,12.2,11.8,0.4,5.2,2.8,2.4,0.44521008403361345,4.0,-1.8,10.6,0.8,1.2,0.4
2013-11-23,00:00,Hull,Crystal Palace,A,0,1,7,1.8,0.8,0.2,0.6,12.8,13.6,-0.8,2.2,3.2,-1.0,0.18266666666666667,4.8,0.4,11.4,0.8,2.2,0.8,-7,-8.0,0.4,2.2,-1.8,9.8,13.4,-3.6,2.2,5.2,-3.0,0.17445887445887448,1.8,-7.4,8.8,2.0,0.0,0.0
2013-11-23,00:00,Newcastle,Norwich,H,2,1,6,-2.2,1.4,1.0,0.4,16.8,11.4,5.4,4.6,3.4,1.2,0.2654761904761905,5.4,-0.6,11.4,-1.0,1.6,0.6,-6,-6.6,0.4,2.8,-2.4,8.8,16.8,-8.0,3.0,5.8,-2.8,0.3151098901098901,2.6,-4.6,11.8,-3.0,0.6,0.2
2013-11-23,00:00,Stoke,Sunderland,H,2,0,2,-3.0,0.6,0.6,0.0,10.2,10.8,-0.6,3.0,3.6,-0.6,0.2843073593073593,5.4,1.8,13.0,-2.6,1.2,0.5,-2,-2.8,0.4,2.4,-2.0,8.0,17.2,-9.2,1.4,4.8,-3.4,0.17055555555555554,3.6,-1.8,10.6,0.6,0.2,0.1
2013-11-23,00:00,West Ham,Chelsea,A,0,3,-13,-2.4,1.0,1.4,-0.4,12.8,12.2,0.6,2.2,4.2,-2.0,0.1500891265597148,4.4,0.8,10.2,1.4,0.8,0.3,13,5.4,0.8,1.0,-0.2,15.2,13.0,2.2,4.8,4.6,0.2,0.33986013986013985,5.4,1.4,11.0,0.6,1.0,0.4
2013-11-24,00:00,Cardiff,Man United,D,2,2,-9,-2.2,1.0,1.0,0.0,7.2,17.6,-10.4,2.4,6.6,-4.2,0.3,3.6,-2.6,8.0,0.0,1.4,0.5,9,2.4,2.0,1.6,0.4,12.4,13.2,-0.8,4.8,4.8,0.0,0.38849816849816854,4.6,-0.4,12.4,-1.0,1.8,0.6
2013-11-24,00:00,Man City,Tottenham,H,6,0,-2,1.4,4.0,0.4,3.6,17.8,7.8,10.0,7.4,2.2,5.2,0.4322222222222222,8.2,5.6,10.6,-0.2,3.0,1.0,2,3.4,0.8,0.2,0.6,17.8,9.2,8.6,6.0,2.2,3.8,0.3307385819049105,7.2,3.4,10.2,-0.2,2.0,0.7
2013-11-25,00:00,West Brom,Aston Villa,D,2,2,1,-0.4,1.2,0.8,0.4,11.0,10.4,0.6,2.8,3.0,-0.2,0.25527583527583525,5.4,1.0,10.0,3.6,1.4,0.5,-1,-0.4,1.0,0.6,0.4,11.6,13.2,-1.6,3.4,2.6,0.8,0.319047619047619,3.4,-1.4,13.4,-2.0,1.6,0.6
2013-11-30,00:00,Aston Villa,Sunderland,D,0,0,8,-4.8,1.2,1.6,-0.4,12.8,14.6,-1.8,3.2,5.4,-2.2,0.26011204481792716,4.6,-1.6,11.8,-3.2,1.2,0.4,-8,-3.2,0.2,2.6,-2.4,8.6,17.2,-8.6,1.4,4.6,-3.2,0.1501010101010101,4.6,-0.4,9.0,2.0,0.0,0.0
2013-11-30,00:00,Cardiff,Arsenal,A,0,3,-14,-4.0,0.8,1.0,-0.2,8.2,17.6,-9.4,2.0,6.6,-4.6,0.22380952380952382,3.4,-2.8,10.6,-1.6,1.0,0.4,14,12.2,1.6,0.8,0.8,11.6,11.4,0.2,4.2,3.0,1.2,0.35714285714285715,4.2,-0.8,10.2,-0.8,2.0,0.7
2013-11-30,00:00,Everton,Stoke,H,4,0,7,-1.6,1.8,1.2,0.6,13.8,14.6,-0.8,6.2,4.6,1.6,0.4127344877344877,4.8,-0.4,9.8,3.8,2.2,0.8,-7,-3.2,1.4,2.0,-0.6,11.2,14.0,-2.8,3.8,4.2,-0.4,0.3708333333333333,4.2,-4.2,14.6,-4.8,0.8,0.3
2013-11-30,00:00,Newcastle,West Brom,H,2,1,4,-1.0,1.8,1.2,0.6,17.8,12.2,5.6,5.6,3.6,2.0,0.3130952380952381,5.6,-0.6,10.6,-1.6,2.0,0.7,-4,-4.2,1.2,1.6,-0.4,12.4,14.0,-1.6,3.8,5.0,-1.2,0.31121212121212116,6.4,1.0,12.4,-1.2,1.2,0.5
2013-11-30,00:00,Norwich,Crystal Palace,H,1,0,4,-2.2,1.0,1.0,0.0,17.4,13.4,4.0,4.8,4.4,0.4,0.25737327188940096,6.6,2.8,11.6,-0.6,1.4,0.5,-4,-9.4,0.4,1.8,-1.4,8.8,13.6,-4.8,1.6,4.6,-3.0,0.14747474747474745,2.6,-7.4,9.8,0.0,0.6,0.2
2013-11-30,00:00,West Ham,Fulham,H,3,0,1,-5.0,0.6,2.0,-1.4,10.8,13.8,-3.0,1.6,5.6,-4.0,0.13064468211527033,5.2,1.4,10.6,1.6,0.2,0.1,-1,-4.8,0.8,2.0,-1.2,4.2,23.2,-19.0,2.0,7.8,-5.8,0.36666666666666664,3.6,-6.4,9.6,2.2,0.6,0.2
2013-12-01,00:00,Chelsea,Southampton,H,3,1,4,6.0,2.4,1.0,1.4,18.0,10.0,8.0,6.2,3.2,3.0,0.3359426847662142,6.4,1.6,11.4,0.0,2.6,0.9,-4,0.8,0.6,1.0,-0.4,12.2,11.0,1.2,4.4,4.2,0.2,0.3508080808080808,5.2,0.2,14.0,-4.0,1.0,0.4
2013-12-01,00:00,Hull,Liverpool,H,3,1,-10,3.2,0.6,0.4,0.2,14.6,12.8,1.8,2.4,2.8,-0.4,0.176,6.8,2.6,10.2,0.4,1.6,0.6,10,7.8,2.0,2.0,0.0,14.6,16.8,-2.2,5.4,7.2,-1.8,0.3817786561264822,8.0,3.0,10.4,-0.4,1.2,0.5
2013-12-01,00:00,Man City,Swansea,H,3,0,6,1.0,4.4,0.4,4.0,16.8,9.4,7.4,7.2,3.0,4.2,0.45555555555555555,7.4,3.6,10.2,1.0,3.0,1.0,-6,1.2,1.2,0.8,0.4,15.0,9.8,5.2,5.2,2.4,2.8,0.34997198879551816,5.0,-0.8,9.4,2.2,1.8,0.6
2013-12-01,00:00,Tottenham,Man United,D,2,2,-1,5.0,0.8,1.0,-0.2,19.0,9.8,9.2,7.0,3.8,3.2,0.3550016696720764,7.0,2.8,7.8,4.2,1.4,0.5,1,4.2,1.6,1.8,-0.2,12.6,12.6,0.0,4.4,4.4,0.0,0.35766483516483516,5.4,1.4,13.2,-1.4,1.4,0.5
2013-12-03,00:00,Crystal Palace,West Ham,H,1,0,-5,-7.2,0.8,1.8,-1.0,12.4,11.8,0.6,3.4,4.2,-0.8,0.255936220642103,5.0,-1.0,11.4,-2.6,0.8,0.3,5,-3.2,0.8,0.8,0.0,13.4,12.6,0.8,3.8,4.4,-0.6,0.27138888888888885,5.0,-2.0,11.2,-0.8,1.0,0.4
2013-12-04,00:00,Arsenal,Hull,H,2,0,9,5.4,2.4,0.4,2.0,13.8,11.4,2.4,7.0,4.2,2.8,0.4988888888888889,5.4,0.4,10.4,1.0,3.0,1.0,-9,-3.0,1.0,2.2,-1.2,9.6,14.2,-4.6,2.8,5.4,-2.6,0.2826984126984127,4.6,-0.8,12.8,-1.6,0.6,0.2
2013-12-04,00:00,Fulham,Tottenham,A,1,2,-9,-2.4,1.0,1.6,-0.6,10.8,16.2,-5.4,3.6,4.0,-0.4,0.33555555555555555,6.8,0.4,10.2,1.6,0.8,0.3,9,3.8,0.6,1.4,-0.8,17.0,11.2,5.8,6.6,3.6,3.0,0.38413224706328153,7.2,3.2,10.6,-0.4,1.4,0.5
2013-12-04,00:00,Liverpool,Norwich,H,5,1,10,9.4,2.4,0.6,1.8,16.6,10.4,6.2,6.8,3.4,3.4,0.44797008547008543,6.2,0.6,11.8,-1.8,2.4,0.8,-10,-7.8,0.6,3.0,-2.4,8.2,19.8,-11.6,2.6,6.6,-4.0,0.2935714285714286,2.6,-5.6,9.4,-1.8,0.6,0.2
2013-12-04,00:00,Man United,Everton,A,0,1,-4,1.4,1.6,1.0,0.6,13.8,10.8,3.0,5.0,3.6,1.4,0.37536340852130323,7.2,3.0,9.6,5.0,2.0,0.7,4,5.0,1.2,1.0,0.2,11.8,9.6,2.2,3.4,2.6,0.8,0.33948717948717944,4.8,-1.0,9.4,5.0,1.6,0.6
2013-12-04,00:00,Southampton,Aston Villa,A,2,3,3,5.0,2.0,0.2,1.8,14.8,8.4,6.4,5.0,2.0,3.0,0.3366666666666666,8.2,4.6,11.6,-1.0,2.6,0.9,-3,-0.6,0.8,0.8,0.0,12.8,12.2,0.6,4.0,2.6,1.4,0.3234920634920635,3.2,-1.6,12.6,-2.4,1.2,0.5
2013-12-04,00:00,Stoke,Cardiff,D,0,0,1,-2.6,0.6,0.4,0.2,10.8,10.2,0.6,3.0,3.2,-0.2,0.27170231729055255,4.6,-0.4,12.6,-2.4,1.2,0.5,-1,-0.2,0.8,1.6,-0.8,11.8,19.0,-7.2,3.0,6.6,-3.6,0.30585081585081586,5.2,-3.0,7.8,2.6,1.0,0.4
2013-12-04,00:00,Sunderland,Chelsea,A,3,4,-17,-11.0,1.2,1.8,-0.6,11.8,16.4,-4.6,3.0,5.2,-2.2,0.3136743393009378,5.0,-2.2,10.8,1.2,1.2,0.4,17,8.0,1.4,1.0,0.4,17.6,12.0,5.6,5.6,4.2,1.4,0.31986013986013984,6.0,1.2,11.2,1.0,1.4,0.5
2013-12-04,00:00,Swansea,Newcastle,H,3,0,-6,-2.8,2.0,1.4,0.6,13.6,9.8,3.8,5.6,3.4,2.2,0.41042016806722686,7.4,3.2,9.6,3.0,1.2,0.5,6,-1.2,1.6,1.4,0.2,15.2,15.0,0.2,6.4,5.6,0.8,0.42411764705882354,2.6,-2.2,12.6,-4.0,1.8,0.6
2013-12-04,00:00,West Brom,Man City,A,2,3,-8,-0.2,1.6,1.0,0.6,11.0,12.0,-1.0,3.4,4.0,-0.6,0.30982128982128987,5.4,2.2,9.0,2.6,1.6,0.6,8,6.2,1.2,1.4,-0.2,17.0,9.4,7.6,5.8,3.0,2.8,0.35583333333333333,8.4,6.0,12.0,-2.0,0.8,0.3
2013-12-07,00:00,Crystal Palace,Cardiff,H,2,0,-4,-8.2,0.4,1.6,-1.2,11.0,12.0,-1.0,3.2,4.2,-1.0,0.28534798534798533,4.4,-1.2,12.2,-2.8,0.8,0.3,4,-1.4,0.6,1.4,-0.8,12.6,18.8,-6.2,3.2,6.0,-2.8,0.3087079587079587,5.8,-1.6,8.6,2.4,1.0,0.4
2013-12-07,00:00,Liverpool,West Ham,H,4,1,13,11.4,3.2,0.8,2.4,20.2,11.2,9.0,8.2,3.6,4.6,0.4336843711843712,6.6,2.4,10.8,-2.6,2.4,0.8,-13,-2.4,0.8,1.0,-0.2,14.4,11.6,2.8,4.0,4.4,-0.4,0.27441919191919195,5.0,-0.6,11.0,-1.0,0.8,0.3
2013-12-07,00:00,Man United,Newcastle,A,0,1,-2,-0.6,1.2,1.2,0.0,13.6,13.0,0.6,4.8,4.4,0.4,0.3683458646616541,6.6,1.8,10.4,4.4,1.4,0.5,2,-0.2,1.2,1.8,-0.6,14.6,15.6,-1.0,5.4,6.4,-1.0,0.37285714285714283,2.4,-2.6,12.0,-4.4,1.2,0.4
2013-12-07,00:00,Southampton,Man City,D,1,1,-4,5.8,2.4,0.8,1.6,16.0,8.4,7.6,5.8,2.4,3.4,0.3557142857142857,7.8,4.6,11.0,0.2,2.4,0.8,4,7.2,1.8,1.8,0.0,18.0,9.6,8.4,6.2,2.6,3.6,0.3625,8.2,5.6,11.8,-2.8,1.2,0.4
2013-12-07,00:00,Stoke,Chelsea,H,3,2,-11,-1.8,0.6,0.4,0.2,12.0,11.0,1.0,2.8,3.2,-0.4,0.2406862745098039,4.6,-0.6,12.2,-1.8,1.2,0.5,11,9.0,2.2,1.4,0.8,17.0,12.2,4.8,5.6,3.8,1.8,0.3270371733529628,5.6,0.6,11.6,1.6,2.0,0.7
2013-12-07,00:00,Sunderland,Tottenham,A,1,2,-13,-11.8,1.6,2.0,-0.4,10.8,17.4,-6.6,3.2,5.0,-1.8,0.34014492753623193,5.0,-1.8,11.4,1.4,1.2,0.4,13,5.6,1.0,1.4,-0.4,17.8,12.0,5.8,6.8,3.8,3.0,0.38254494547598,7.4,2.2,11.0,-2.4,2.0,0.7
2013-12-07,00:00,West Brom,Norwich,A,0,2,2,-1.8,2.0,1.2,0.8,11.4,12.6,-1.2,3.4,4.2,-0.8,0.30648795648795646,5.6,2.4,8.6,2.2,1.6,0.6,-2,-9.2,0.8,3.6,-2.8,10.2,20.8,-10.6,3.4,7.6,-4.2,0.315,2.4,-5.0,8.2,1.0,0.6,0.2
2013-12-08,00:00,Arsenal,Everton,D,1,1,4,7.2,2.6,0.4,2.2,15.4,10.0,5.4,7.4,3.8,3.6,0.48555555555555563,7.0,3.0,9.2,0.6,3.0,1.0,-4,5.8,1.4,1.0,0.4,12.2,12.4,-0.2,3.6,3.6,0.0,0.3466666666666667,4.6,-1.8,10.0,4.6,2.0,0.7
2013-12-08,00:00,Fulham,Aston Villa,H,2,0,-9,-4.8,1.0,1.8,-0.8,11.6,17.4,-5.8,4.4,4.2,0.2,0.37722222222222224,7.8,1.0,9.8,2.8,0.6,0.2,9,-1.2,1.2,0.8,0.4,12.6,13.4,-0.8,4.0,3.8,0.2,0.3377777777777778,3.2,-3.0,12.6,-3.0,1.8,0.7
2013-12-09,00:00,Swansea,Hull,D,1,1,2,-1.0,2.2,1.0,1.2,12.8,10.2,2.6,5.0,3.0,2.0,0.3932255979314803,7.8,4.8,9.0,3.2,1.6,0.6,-2,-4.8,1.0,2.2,-1.2,9.6,15.8,-6.2,2.8,5.6,-2.8,0.2826984126984127,4.0,-2.2,11.2,-1.2,0.6,0.2
2013-12-14,00:00,Cardiff,West Brom,H,1,0,-1,-6.8,0.8,1.6,-0.8,9.4,18.0,-8.6,2.6,7.2,-4.6,0.2538095238095238,3.2,-2.6,9.6,-0.8,0.8,0.3,1,-4.4,1.2,1.8,-0.6,12.8,14.4,-1.6,3.2,5.8,-2.6,0.2588311688311688,6.0,0.8,13.0,-0.6,1.0,0.4
2013-12-14,00:00,Chelsea,Crystal Palace,H,2,1,16,6.8,2.6,1.0,1.6,18.2,10.4,7.8,7.0,2.8,4.2,0.3834426847662142,7.8,2.6,12.0,-0.4,2.6,0.9,-16,-9.0,0.4,1.6,-1.2,10.6,11.8,-1.2,2.2,3.8,-1.6,0.1936285936285936,3.2,-5.8,10.4,0.2,0.6,0.2
2013-12-14,00:00,Everton,Fulham,H,4,1,13,2.2,2.4,1.2,1.2,16.0,11.0,5.0,7.6,4.2,3.4,0.4309163059163059,5.6,1.2,9.6,4.8,2.2,0.8,-13,-5.0,0.8,2.4,-1.6,5.6,23.0,-17.4,1.6,8.4,-6.8,0.2333333333333333,3.8,-4.8,9.4,2.0,0.6,0.2
2013-12-14,00:00,Hull,Stoke,D,0,0,1,2.2,1.0,0.4,0.6,13.4,12.6,0.8,2.2,3.2,-1.0,0.1871111111111111,6.0,1.0,10.6,1.6,2.0,0.7,-1,-4.6,1.2,2.8,-1.6,9.0,16.6,-7.6,3.4,6.6,-3.2,0.4541666666666666,4.0,-5.6,15.4,-5.8,0.2,0.1
2013-12-14,00:00,Man City,Arsenal,H,6,3,-4,2.2,4.6,0.4,4.2,18.8,9.8,9.0,7.4,3.4,4.0,0.4191919191919192,7.0,3.2,8.6,1.4,3.0,1.0,4,12.4,1.6,0.6,1.0,11.8,10.0,1.8,4.2,3.4,0.8,0.3514285714285714,3.4,-1.0,9.8,-1.6,2.0,0.7
2013-12-14,00:00,Newcastle,Southampton,D,1,1,1,-0.2,2.0,1.4,0.6,15.8,14.4,1.4,5.0,3.4,1.6,0.3238095238095238,3.6,-2.8,11.0,-0.8,2.0,0.7,-1,0.0,0.8,1.4,-0.6,11.8,11.2,0.6,4.2,4.8,-0.6,0.33666666666666667,5.0,-0.6,13.8,-3.0,1.0,0.4
2013-12-14,00:00,West Ham,Sunderland,D,0,0,3,-4.8,1.2,1.8,-0.6,13.6,12.8,0.8,4.0,4.6,-0.6,0.2349925082022269,5.8,2.2,10.8,0.6,0.8,0.3,-3,-4.8,0.0,2.0,-2.0,8.0,16.4,-8.4,1.2,4.2,-3.0,0.13867243867243864,4.6,-0.6,10.2,2.4,0.2,0.1
2013-12-15,00:00,Aston Villa,Man United,A,0,3,-2,-3.0,1.0,1.2,-0.2,13.4,12.6,0.8,3.8,4.0,-0.2,0.30165050635638874,5.2,-1.8,12.8,-4.0,1.4,0.5,2,4.4,2.0,2.0,0.0,12.2,12.6,-0.4,4.2,4.2,0.0,0.3526648351648352,5.4,0.4,13.2,-2.6,1.6,0.6
2013-12-15,00:00,Norwich,Swansea,D,1,1,-5,-1.4,1.0,1.0,0.0,16.4,13.8,2.6,4.6,4.6,0.0,0.2640399385560676,6.6,3.0,11.8,-1.0,1.4,0.5,5,0.0,0.8,1.4,-0.6,14.4,12.2,2.2,5.2,3.6,1.6,0.3721942110177404,5.2,-1.2,8.2,2.8,1.2,0.4
2013-12-15,00:00,Tottenham,Liverpool,A,0,5,-2,4.2,0.8,1.4,-0.6,16.4,10.6,5.8,6.4,4.2,2.2,0.37413210445468514,6.8,1.4,9.2,3.4,1.0,0.4,2,6.8,1.8,2.2,-0.4,14.0,15.8,-1.8,5.2,6.4,-1.2,0.38733421168203774,7.8,3.0,11.6,-1.0,1.0,0.4
2013-12-21,00:00,Crystal Palace,Newcastle,A,0,3,-12,-8.4,0.8,1.2,-0.4,13.0,11.0,2.0,4.0,3.2,0.8,0.31575734207313155,4.8,0.0,11.4,-1.4,1.4,0.5,12,1.8,1.0,1.2,-0.2,13.4,13.6,-0.2,4.8,5.8,-1.0,0.35952380952380947,3.0,-2.6,12.6,-3.8,1.8,0.6
2013-12-21,00:00,Fulham,Man City,A,2,4,-14,-6.2,1.2,1.4,-0.2,14.2,15.0,-0.8,5.4,3.8,1.6,0.35702020202020207,6.4,0.2,9.4,3.2,1.2,0.4,14,6.0,1.6,1.4,0.2,16.6,11.0,5.6,5.4,2.6,2.8,0.33865384615384614,6.4,3.2,11.8,-4.2,1.4,0.5
2013-12-21,00:00,Liverpool,Cardiff,H,3,1,12,12.2,4.0,0.8,3.2,24.6,10.4,14.2,9.0,2.4,6.6,0.3899343711843712,7.0,3.2,11.4,-2.6,3.0,1.0,-12,-1.0,0.2,1.6,-1.4,10.2,20.8,-10.6,2.8,6.0,-3.2,0.31234432234432236,4.4,-2.4,8.4,1.6,0.4,0.2
2013-12-21,00:00,Man United,West Ham,H,3,1,9,-1.8,1.0,1.0,0.0,12.4,12.4,0.0,4.4,4.2,0.2,0.38263157894736843,6.4,2.4,10.6,5.0,1.4,0.5,-9,-4.4,1.0,1.6,-0.6,12.4,16.2,-3.8,3.2,5.8,-2.6,0.24386363636363634,4.6,-1.4,11.0,-1.4,0.8,0.3
2013-12-21,00:00,Stoke,Aston Villa,H,2,1,-2,-4.6,1.2,0.6,0.6,12.2,12.4,-0.2,3.2,3.8,-0.6,0.2823529411764706,4.2,-0.8,12.2,-2.6,1.8,0.7,2,1.0,1.0,1.2,-0.2,11.4,15.4,-4.0,3.6,5.6,-2.0,0.3277777777777778,3.8,-1.8,13.2,-4.2,1.2,0.5
2013-12-21,00:00,Sunderland,Norwich,D,0,0,-6,-11.6,1.6,1.8,-0.2,8.4,18.8,-10.4,3.0,4.8,-1.8,0.3693939393939394,3.8,-3.4,12.6,0.0,1.2,0.4,6,-9.0,1.0,3.6,-2.6,10.2,24.4,-14.2,3.4,9.8,-6.4,0.315,2.4,-5.6,7.0,1.4,0.6,0.2
2013-12-21,00:00,West Brom,Hull,D,1,1,-3,-1.6,1.4,1.6,-0.2,14.0,12.8,1.2,5.0,4.8,0.2,0.33725718725718723,6.6,4.0,8.8,1.2,1.0,0.4,3,-4.0,0.6,2.0,-1.4,9.0,15.0,-6.0,2.2,5.6,-3.4,0.24380952380952378,3.6,-4.4,11.0,-1.6,0.2,0.1
2013-12-22,00:00,Southampton,Tottenham,A,2,3,-1,3.2,2.2,1.0,1.2,16.6,9.4,7.2,6.0,3.0,3.0,0.359047619047619,7.2,3.6,10.0,0.6,2.0,0.7,1,6.0,1.2,1.6,-0.4,16.4,13.0,3.4,5.4,4.6,0.8,0.34524087024087025,7.0,1.4,11.4,-1.0,2.0,0.7
2013-12-22,00:00,Swansea,Everton,A,1,2,-6,1.8,2.2,0.8,1.4,13.0,10.0,3.0,4.8,2.6,2.2,0.3695892342951167,9.4,6.8,9.6,1.8,1.8,0.7,6,4.6,1.0,0.8,0.2,12.6,12.8,-0.2,3.6,4.4,-0.8,0.3333333333333333,4.0,-2.0,9.8,4.2,1.6,0.6
2013-12-23,00:00,Arsenal,Chelsea,D,0,0,2,6.8,2.2,0.4,1.8,14.4,10.6,3.8,6.8,4.0,2.8,0.4764646464646464,6.4,3.4,10.2,-1.2,2.6,0.9,-2,11.8,2.4,1.8,0.6,17.8,11.6,6.2,5.8,3.6,2.2,0.3161280824438719,5.0,-0.2,10.4,2.8,1.8,0.6
2013-12-26,00:00,Aston Villa,Crystal Palace,A,0,1,5,-1.4,0.4,1.4,-1.0,15.2,11.4,3.8,4.2,3.6,0.6,0.2722387416505064,5.4,0.2,13.2,-4.6,0.8,0.3,-5,-10.4,0.6,1.6,-1.0,11.0,12.6,-1.6,3.2,4.6,-1.4,0.2936285936285936,3.0,-5.0,9.4,1.6,0.6,0.2
2013-12-26,00:00,Cardiff,Southampton,A,0,3,-6,-4.8,1.0,1.4,-0.4,10.4,14.6,-4.2,3.2,5.2,-2.0,0.3083549783549783,4.4,-0.2,11.8,-2.0,1.4,0.5,6,1.6,0.8,1.6,-0.8,11.0,12.4,-1.4,3.4,4.8,-1.4,0.295,4.4,-2.2,15.2,-3.6,0.6,0.3
2013-12-26,00:00,Chelsea,Swansea,H,1,0,7,8.4,2.6,1.2,1.4,16.2,11.6,4.6,6.4,3.6,2.8,0.3940196078431373,5.8,1.0,12.4,-1.2,2.6,0.9,-7,0.4,0.6,1.6,-1.0,13.4,13.6,-0.2,4.2,4.0,0.2,0.31886087768440713,4.8,-2.0,8.6,2.2,0.8,0.3
2013-12-26,00:00,Everton,Sunderland,A,0,1,15,3.2,2.6,1.0,1.6,16.8,11.2,5.6,7.6,3.6,4.0,0.4167748917748918,7.8,3.2,10.6,2.2,2.2,0.8,-15,-5.2,0.0,1.4,-1.4,10.4,16.0,-5.6,2.4,3.8,-1.4,0.20183033340928075,5.2,0.6,9.2,3.8,0.4,0.2
2013-12-26,00:00,Hull,Man United,A,2,3,-4,1.8,0.8,0.4,0.4,14.2,11.2,3.0,2.6,2.6,0.0,0.2042051282051282,6.2,1.4,10.6,1.8,1.6,0.6,4,5.0,2.4,1.2,1.2,12.2,12.4,-0.2,4.6,4.4,0.2,0.38123626373626374,5.4,1.4,12.4,-0.4,2.2,0.8
2013-12-26,00:00,Man City,Liverpool,H,2,1,-2,1.2,5.0,0.8,4.2,19.6,9.4,10.2,7.8,4.0,3.8,0.42727272727272725,7.0,2.4,9.4,-0.6,3.0,1.0,2,4.4,2.2,2.0,0.2,15.2,13.0,2.2,6.0,5.4,0.6,0.402572306920133,8.0,4.8,12.6,-0.2,1.0,0.4
2013-12-26,00:00,Newcastle,Stoke,H,5,1,3,-1.2,1.8,1.0,0.8,16.0,13.6,2.4,5.6,3.0,2.6,0.35964285714285715,5.2,-1.2,10.8,1.0,2.2,0.8,-3,-3.6,1.0,2.2,-1.2,9.4,16.0,-6.6,3.2,5.8,-2.6,0.42386363636363633,3.6,-6.2,15.0,-4.8,0.4,0.2
2013-12-26,00:00,Norwich,Fulham,A,1,2,5,-2.8,1.2,1.0,0.2,17.2,12.6,4.6,5.0,4.2,0.8,0.2848732718894009,6.8,3.0,11.2,-0.2,1.6,0.6,-5,-6.0,1.0,2.8,-1.8,8.0,22.2,-14.2,2.0,7.8,-5.8,0.2208333333333333,3.6,-4.8,9.0,2.2,0.6,0.2
2013-12-26,00:00,Tottenham,West Brom,D,1,1,8,3.2,0.6,2.2,-1.6,15.8,12.6,3.2,5.6,5.2,0.4,0.3074654377880185,6.4,0.2,9.8,3.0,0.8,0.3,-8,-3.4,0.8,1.8,-1.0,12.8,13.8,-1.0,2.8,5.2,-2.4,0.2254978354978355,5.6,-0.2,12.6,1.0,0.4,0.2
2013-12-26,00:00,West Ham,Arsenal,A,1,3,-15,-3.8,0.8,1.2,-0.4,14.0,14.6,-0.6,4.2,5.0,-0.8,0.249133922343641,5.2,0.8,9.8,0.2,1.0,0.4,15,10.8,1.8,1.6,0.2,12.2,12.4,-0.2,4.6,4.2,0.4,0.37142857142857144,4.4,-0.8,8.8,0.8,1.4,0.5
2013-12-28,00:00,Aston Villa,Swansea,D,1,1,-2,0.6,0.4,1.2,-0.8,14.2,11.2,3.0,4.6,3.8,0.8,0.32557207498383967,6.0,1.2,12.8,-5.0,0.8,0.3,2,0.4,0.6,1.4,-0.8,11.6,15.0,-3.4,3.0,4.6,-1.6,0.26150793650793647,5.4,-2.6,8.8,2.2,0.8,0.3
2013-12-28,00:00,Cardiff,Sunderland,D,2,2,4,-7.0,0.8,1.6,-0.8,10.6,12.8,-2.2,2.8,4.4,-1.6,0.25835497835497834,5.0,0.4,11.8,-1.0,1.4,0.5,-4,-7.4,0.2,0.6,-0.4,11.8,18.4,-6.6,3.4,4.4,-1.0,0.26080469238363974,5.2,-0.2,8.0,4.8,1.0,0.4
2013-12-28,00:00,Hull,Fulham,H,6,0,5,0.6,1.2,1.0,0.2,16.4,10.2,6.2,3.4,2.6,0.8,0.2296953242835596,6.0,1.6,11.6,1.4,1.4,0.5,-5,-7.4,0.6,2.8,-2.2,9.2,21.8,-12.6,2.2,7.6,-5.4,0.18083333333333332,3.0,-5.4,8.4,3.6,0.6,0.2
2013-12-28,00:00,Man City,Crystal Palace,H,1,0,15,1.6,4.8,0.8,4.0,21.2,10.6,10.6,7.8,4.2,3.6,0.38727272727272727,6.8,1.2,8.4,0.2,3.0,1.0,-15,-8.0,0.6,1.0,-0.4,11.2,12.0,-0.8,4.2,4.0,0.2,0.37393162393162394,3.4,-3.8,9.8,1.2,1.2,0.4
2013-12-28,00:00,Norwich,Man United,A,0,1,-7,0.0,1.2,0.8,0.4,16.8,11.2,5.6,5.0,4.0,1.0,0.29201612903225804,7.0,3.6,11.6,-0.4,1.6,0.6,7,4.4,2.6,1.4,1.2,12.2,14.6,-2.4,4.2,5.0,-0.8,0.35046703296703297,5.6,1.2,12.6,-1.2,2.2,0.8
2013-12-28,00:00,West Ham,West Brom,D,3,3,-3,-5.2,0.8,1.2,-0.4,14.2,17.2,-3.0,4.8,4.8,0.0,0.29610361931333795,4.2,-1.2,10.6,-1.8,1.0,0.4,3,-5.8,1.0,2.0,-1.0,11.8,16.0,-4.2,2.6,5.2,-2.6,0.25645021645021643,4.8,-2.2,13.0,-0.2,0.4,0.2
2013-12-29,00:00,Chelsea,Liverpool,H,2,1,1,7.6,2.0,1.0,1.0,16.0,10.6,5.4,6.4,3.2,3.2,0.397703818369453,7.2,2.8,12.8,-0.8,2.6,0.9,-1,3.2,2.0,2.0,0.0,13.0,14.2,-1.2,5.6,5.8,-0.2,0.425036075036075,6.6,2.6,12.4,0.4,0.8,0.3
2013-12-29,00:00,Everton,Southampton,H,2,1,4,6.0,2.2,1.0,1.2,19.2,12.0,7.2,8.2,4.6,3.6,0.4002913752913753,9.0,5.4,11.4,-0.6,1.6,0.6,-4,2.0,1.2,1.4,-0.2,9.6,11.8,-2.2,3.2,3.8,-0.6,0.3263131313131313,4.2,-2.8,14.0,-2.2,1.0,0.4
2013-12-29,00:00,Newcastle,Arsenal,A,0,1,-4,1.0,2.4,0.8,1.6,18.6,11.2,7.4,6.4,2.2,4.2,0.3617592592592593,6.2,2.0,11.2,0.2,2.6,0.9,4,11.6,2.2,1.6,0.6,15.2,12.4,2.8,5.2,4.4,0.8,0.3551724137931035,6.0,2.0,7.8,2.8,1.8,0.6
2013-12-29,00:00,Tottenham,Stoke,H,3,0,4,2.4,0.8,1.8,-1.0,17.0,10.8,6.2,5.4,5.0,0.4,0.2803225806451613,7.6,2.4,10.4,3.0,1.0,0.4,-4,-4.6,1.2,3.0,-1.8,8.4,19.6,-11.2,3.2,7.0,-3.8,0.4409090909090909,3.0,-7.0,14.0,-4.0,0.4,0.2
2014-01-01,00:00,Arsenal,Cardiff,H,2,0,15,3.8,1.4,0.2,1.2,11.8,10.8,1.0,5.0,3.6,1.4,0.4236075036075036,6.0,2.0,10.0,-0.2,2.2,0.8,-15,-1.2,0.2,1.4,-1.2,9.6,22.2,-12.6,2.8,6.0,-3.2,0.3261904761904762,3.6,-3.8,10.0,-0.2,0.4,0.2
2014-01-01,00:00,Crystal Palace,Norwich,D,1,1,-3,-10.4,0.6,1.0,-0.4,12.0,11.8,0.2,4.0,3.2,0.8,0.34750337381916324,4.4,-0.4,11.6,-1.4,1.4,0.5,3,-4.4,0.8,2.8,-2.0,10.6,24.0,-13.4,3.2,8.4,-5.2,0.2864285714285714,3.6,-3.6,7.6,1.8,0.8,0.3
2014-01-01,00:00,Fulham,West Ham,H,2,1,1,-8.6,1.4,2.2,-0.8,14.8,15.2,-0.4,6.0,5.2,0.8,0.3959090909090909,5.8,-0.2,8.6,4.4,0.6,0.2,-1,-3.8,0.6,2.2,-1.6,10.0,17.6,-7.6,2.4,6.6,-4.2,0.23136363636363635,3.6,-2.8,12.4,-2.4,0.2,0.1
2014-01-01,00:00,Liverpool,Hull,H,2,0,5,11.2,4.0,0.8,3.2,27.4,10.2,17.2,9.0,2.6,6.4,0.33409391534391536,6.6,2.4,11.4,-1.2,3.0,1.0,-5,-3.2,0.6,1.8,-1.2,8.4,15.0,-6.6,2.6,5.0,-2.4,0.3215873015873016,2.6,-6.2,10.6,-1.0,0.4,0.2
2014-01-01,00:00,Man United,Tottenham,A,1,2,1,0.8,1.4,1.0,0.4,14.2,9.6,4.6,5.0,3.0,2.0,0.37548872180451126,7.2,3.6,10.0,5.0,1.8,0.6,-1,5.2,1.4,2.0,-0.6,16.4,12.4,4.0,4.8,5.2,-0.4,0.29908702408702414,6.6,1.4,12.6,-2.8,2.0,0.7
2014-01-01,00:00,Southampton,Chelsea,A,0,3,-6,1.6,2.2,1.6,0.6,16.6,8.6,8.0,6.2,2.2,4.0,0.3757142857142857,6.2,2.4,9.4,3.2,1.4,0.5,6,9.6,1.8,1.6,0.2,16.0,10.2,5.8,5.0,3.4,1.6,0.30493927125506076,5.0,-1.0,10.8,1.4,1.4,0.5
2014-01-01,00:00,Stoke,Everton,D,1,1,-7,-4.2,1.6,0.8,0.8,12.8,12.8,0.0,3.0,3.6,-0.6,0.24901960784313726,4.2,-1.0,12.4,-1.4,2.2,0.8,7,5.0,1.2,0.4,0.8,14.2,13.0,1.2,4.0,3.8,0.2,0.2857142857142857,5.4,0.2,9.8,3.4,2.2,0.8
2014-01-01,00:00,Sunderland,Aston Villa,A,0,1,-7,-11.4,1.4,1.4,0.0,10.8,19.0,-8.2,3.4,4.6,-1.2,0.3471717171717172,4.2,-3.6,12.2,-0.2,1.4,0.5,7,1.8,1.2,1.6,-0.4,10.6,16.6,-6.0,3.6,5.8,-2.2,0.3404761904761905,3.8,-1.6,14.4,-4.2,1.0,0.4
2014-01-01,00:00,Swansea,Man City,A,2,3,-10,-0.2,1.6,1.2,0.4,12.8,11.6,1.2,4.2,3.6,0.6,0.33002879473467706,8.8,5.0,9.4,1.4,1.2,0.5,10,7.2,1.8,1.6,0.2,16.8,11.2,5.6,5.6,3.2,2.4,0.3438009049773756,6.2,3.2,12.4,-4.8,1.4,0.5
2014-01-01,00:00,West Brom,Newcastle,H,1,0,-8,0.0,1.4,1.6,-0.2,14.4,11.2,3.2,4.8,4.4,0.4,0.31344766344766345,7.2,4.6,9.2,1.6,1.0,0.4,8,5.2,1.2,1.0,0.2,12.0,13.8,-1.8,4.0,6.2,-2.2,0.3518315018315018,3.8,-1.8,13.8,-5.0,1.8,0.6
2014-01-11,00:00,Cardiff,West Ham,A,0,2,2,-5.2,1.0,2.0,-1.0,12.0,15.0,-3.0,3.6,5.6,-2.0,0.2791883116883117,5.0,-0.2,12.4,-1.0,1.0,0.4,-2,-3.0,0.8,2.6,-1.8,9.2,21.6,-12.4,2.2,7.8,-5.6,0.23257575757575757,3.2,-3.8,10.6,-1.8,0.0,0.0
2014-01-11,00:00,Everton,Norwich,H,2,0,10,7.0,2.6,1.2,1.4,19.4,11.2,8.2,8.8,3.8,5.0,0.46418026418026415,8.0,4.6,11.0,0.8,2.0,0.7,-10,-1.8,1.0,1.6,-0.6,10.8,21.2,-10.4,4.0,7.4,-3.4,0.3828571428571429,3.8,-3.2,7.8,2.8,1.0,0.4
2014-01-11,00:00,Fulham,Sunderland,A,1,4,4,-7.2,1.6,1.8,-0.2,17.8,15.4,2.4,7.0,5.0,2.0,0.3892424242424243,7.4,1.4,8.6,3.0,1.2,0.4,-4,-6.4,0.6,0.8,-0.2,14.2,16.6,-2.4,5.0,5.4,-0.4,0.32429675587570317,6.0,0.2,7.8,4.4,1.2,0.5
2014-01-11,00:00,Hull,Chelsea,A,0,2,-7,-0.2,2.2,1.0,1.2,15.6,9.4,6.2,5.6,2.8,2.8,0.3375048480930834,6.4,2.2,10.4,2.2,1.4,0.5,7,9.0,2.4,1.2,1.2,15.6,9.6,6.0,5.6,2.2,3.4,0.3650791313949209,5.0,-1.6,10.6,1.6,2.0,0.7
2014-01-11,00:00,Man United,Swansea,H,2,0,6,-0.6,1.0,1.0,0.0,13.6,9.4,4.2,5.2,2.8,2.4,0.39785714285714285,7.4,3.8,9.8,3.0,1.2,0.4,-6,-0.2,0.8,1.4,-0.6,13.0,14.6,-1.6,3.0,4.6,-1.6,0.23680205415499533,6.4,-0.8,9.2,2.2,1.0,0.4
2014-01-11,00:00,Southampton,West Brom,H,1,0,5,-0.6,1.8,2.2,-0.4,15.0,10.6,4.4,5.4,3.2,2.2,0.34904761904761905,5.4,0.6,9.6,3.4,0.8,0.3,-5,-3.6,1.4,1.8,-0.4,13.2,15.6,-2.4,3.4,5.0,-1.6,0.28008658008658005,4.0,-3.6,13.4,-1.4,0.6,0.3
2014-01-11,00:00,Tottenham,Crystal Palace,H,2,0,13,2.6,1.2,1.8,-0.6,18.0,9.2,8.8,5.6,4.4,1.2,0.2703225806451613,7.6,3.0,9.0,5.2,1.0,0.4,-13,-9.4,0.6,0.8,-0.2,10.6,14.8,-4.2,4.2,4.0,0.2,0.3961538461538462,3.8,-3.8,9.4,1.8,1.2,0.4
2014-01-12,00:00,Newcastle,Man City,A,0,2,-5,2.0,2.0,1.0,1.0,17.8,10.8,7.0,5.4,2.8,2.6,0.30963804713804716,6.4,3.6,10.6,0.2,2.0,0.7,5,9.4,2.2,1.6,0.6,16.6,11.8,4.8,5.2,3.2,2.0,0.32094376212023273,6.2,2.2,11.4,-5.0,2.0,0.7
2014-01-12,00:00,Stoke,Liverpool,A,3,5,-6,-3.4,1.6,0.8,0.8,13.0,14.0,-1.0,3.2,4.0,-0.8,0.26235294117647057,3.6,-1.6,13.0,-2.4,2.2,0.8,6,3.4,2.2,2.0,0.2,12.2,14.0,-1.8,5.6,5.4,0.2,0.4583694083694084,6.0,1.8,14.4,-0.4,0.8,0.3
2014-01-13,00:00,Aston Villa,Arsenal,A,1,2,-8,1.4,0.6,1.0,-0.4,12.8,11.6,1.2,4.6,3.6,1.0,0.3684292178409826,4.8,-0.4,12.6,-4.6,1.0,0.4,8,8.8,2.0,1.6,0.4,15.4,12.0,3.4,5.4,4.2,1.2,0.36608150470219436,5.6,1.6,7.8,2.4,1.8,0.6
2014-01-18,00:00,Arsenal,Fulham,H,2,0,15,6.4,1.4,0.2,1.2,15.0,10.0,5.0,4.8,3.2,1.6,0.3497979797979798,7.8,4.4,9.0,1.6,2.2,0.8,-15,-7.4,0.6,3.6,-3.0,10.0,22.0,-12.0,2.6,9.0,-6.4,0.26083333333333336,2.6,-5.0,8.6,3.2,0.6,0.2
2014-01-18,00:00,Crystal Palace,Stoke,H,1,0,-8,-7.4,0.8,0.8,0.0,12.0,11.4,0.6,4.0,3.4,0.6,0.34750337381916324,5.4,0.4,11.6,-1.0,1.6,0.6,8,-3.8,0.8,3.0,-2.2,6.8,19.8,-13.0,2.4,7.4,-5.0,0.4409090909090909,2.8,-6.0,13.2,-3.6,0.4,0.2
2014-01-18,00:00,Liverpool,Aston Villa,D,2,2,7,10.6,3.6,0.6,3.0,27.2,9.2,18.0,8.8,2.0,6.8,0.32690437286025525,6.6,3.4,11.6,-0.6,3.0,1.0,-7,2.8,1.4,1.6,-0.2,11.6,16.6,-5.0,4.2,5.2,-1.0,0.3673992673992674,4.0,-2.4,13.6,-3.4,1.4,0.5
2014-01-18,00:00,Man City,Cardiff,H,4,2,17,2.6,3.6,0.8,2.8,20.4,11.0,9.4,6.8,4.8,2.0,0.35538866930171276,7.2,1.2,9.6,-1.4,3.0,1.0,-17,-4.4,0.2,1.8,-1.6,10.0,21.6,-11.6,2.4,5.2,-2.8,0.24285714285714288,3.6,-3.6,10.2,-0.8,0.2,0.1
2014-01-18,00:00,Norwich,Hull,H,1,0,-5,-1.2,1.2,1.0,0.2,13.6,11.4,2.2,3.8,3.8,0.0,0.2808333333333334,6.0,2.4,12.2,-1.0,1.4,0.5,5,-3.6,0.6,2.0,-1.4,8.4,15.4,-7.0,1.8,5.0,-3.2,0.24158730158730157,2.6,-5.6,11.6,-1.6,0.4,0.2
2014-01-18,00:00,Sunderland,Southampton,D,2,2,-11,-10.8,1.0,1.4,-0.4,12.6,18.4,-5.8,2.8,4.8,-2.0,0.2589364230540701,5.2,-2.4,11.2,0.2,0.8,0.3,11,-1.0,1.2,1.6,-0.4,10.0,11.8,-1.8,3.2,4.0,-0.8,0.3196464646464646,3.8,-2.6,14.2,-3.2,0.8,0.3
2014-01-18,00:00,West Ham,Newcastle,A,1,3,-10,-5.4,1.4,1.8,-0.4,14.0,20.0,-6.0,5.2,5.8,-0.6,0.32404479578392625,4.4,-1.8,11.0,-2.6,1.0,0.4,10,4.8,1.0,0.8,0.2,10.6,14.8,-4.2,3.8,6.2,-2.4,0.36849816849816847,4.0,-1.2,14.0,-6.4,1.8,0.6
2014-01-19,00:00,Chelsea,Man United,H,3,1,4,7.6,2.0,1.0,1.0,15.8,9.2,6.6,6.6,2.8,3.8,0.4219462426118773,7.4,3.8,14.0,-1.6,2.6,0.9,-4,4.6,2.2,1.2,1.0,11.6,14.6,-3.0,4.0,4.6,-0.6,0.35618131868131864,5.4,0.2,12.2,0.2,2.2,0.8
2014-01-19,00:00,Swansea,Tottenham,A,1,3,-8,-3.2,2.0,1.8,0.2,13.8,11.4,2.4,4.0,3.6,0.4,0.2833621280680104,8.6,4.8,8.0,2.0,1.0,0.4,8,4.8,1.8,2.2,-0.4,15.0,14.0,1.0,4.4,6.2,-1.8,0.312975912975913,6.2,-0.2,12.2,-3.2,2.4,0.8
2014-01-20,00:00,West Brom,Everton,D,1,1,-8,-3.2,1.2,1.6,-0.4,15.2,10.6,4.6,4.8,4.2,0.6,0.28609723609723614,5.8,3.0,8.4,3.6,1.0,0.4,8,5.2,1.0,0.6,0.4,14.4,12.2,2.2,4.0,4.0,0.0,0.28238095238095234,5.2,1.2,10.4,3.2,1.8,0.7
2014-01-28,00:00,Crystal Palace,Hull,H,1,0,-5,-6.4,1.0,0.8,0.2,12.6,11.8,0.8,4.8,3.4,1.4,0.4030589293747188,5.4,1.2,10.2,1.4,2.0,0.7,5,-1.6,0.4,1.4,-1.0,8.4,17.4,-9.0,1.4,4.4,-3.0,0.2015873015873016,3.2,-5.8,11.8,-2.2,0.4,0.2
2014-01-28,00:00,Liverpool,Everton,H,4,0,2,9.4,3.2,1.0,2.2,23.6,10.8,12.8,8.0,2.4,5.6,0.35011865857454094,5.2,2.0,11.8,1.0,2.6,0.9,-2,4.2,1.2,0.8,0.4,14.0,13.2,0.8,4.4,4.8,-0.4,0.31725274725274727,4.2,0.2,11.2,2.4,1.8,0.7
2014-01-28,00:00,Man United,Cardiff,H,2,0,13,2.0,1.2,1.0,0.2,15.8,10.0,5.8,5.8,2.8,3.0,0.38035714285714284,7.0,3.6,9.2,3.4,1.2,0.4,-13,-8.2,0.6,2.2,-1.6,9.8,23.0,-13.2,3.2,5.8,-2.6,0.36428571428571427,4.4,-3.8,10.6,-2.0,0.2,0.1
2014-01-28,00:00,Norwich,Newcastle,D,0,0,-5,-1.6,0.8,0.8,0.0,15.6,11.0,4.6,3.4,3.0,0.4,0.2328333333333333,7.2,2.4,11.4,0.8,1.4,0.5,5,7.6,1.4,1.0,0.4,12.8,10.8,2.0,4.8,3.8,1.0,0.3632350106034316,3.8,0.0,12.2,-3.8,1.8,0.6
2014-01-28,00:00,Southampton,Arsenal,D,2,2,-8,-0.6,1.2,2.0,-0.8,15.6,9.4,6.2,5.0,3.2,1.8,0.31126984126984125,5.0,0.4,9.8,3.6,0.8,0.3,8,9.0,2.4,1.6,0.8,15.0,13.2,1.8,5.8,4.8,1.0,0.42608150470219436,5.4,1.8,7.4,2.8,2.4,0.8
2014-01-28,00:00,Swansea,Fulham,H,2,0,1,-5.6,1.6,1.8,-0.2,13.0,12.4,0.6,3.4,4.0,-0.6,0.2589277389277389,7.4,3.8,6.8,2.0,0.8,0.3,-1,-7.8,0.6,3.2,-2.6,10.8,20.0,-9.2,2.8,8.6,-5.8,0.26083333333333336,2.8,-3.8,8.2,2.0,0.6,0.2
2014-01-29,00:00,Aston Villa,West Brom,H,4,3,4,0.2,0.4,1.4,-1.0,11.6,11.6,0.0,4.4,4.0,0.4,0.3887500734559558,4.4,-1.2,13.0,-3.8,0.4,0.2,-4,-2.6,1.0,1.6,-0.6,11.8,15.8,-4.0,3.2,4.6,-1.4,0.3255411255411255,4.0,-2.6,13.8,-1.8,0.4,0.2
2014-01-29,00:00,Chelsea,West Ham,D,0,0,15,6.4,2.2,0.8,1.4,15.0,9.0,6.0,6.4,3.0,3.4,0.431900993743099,6.6,3.0,14.8,-1.2,3.0,1.0,-15,-4.0,1.0,2.0,-1.0,8.8,22.4,-13.6,2.0,8.0,-6.0,0.22590909090909092,4.2,-3.6,11.6,-3.8,0.6,0.2
2014-01-29,00:00,Sunderland,Stoke,H,1,0,-3,-10.8,1.2,1.8,-0.6,13.6,17.0,-3.4,3.4,5.6,-2.2,0.2789364230540701,6.0,-0.2,11.6,-1.2,0.4,0.2,3,-1.4,0.2,2.6,-2.4,9.0,18.8,-9.8,2.2,7.4,-5.2,0.3644385026737968,2.8,-4.0,12.8,-3.8,0.2,0.1
2014-01-29,00:00,Tottenham,Man City,A,1,5,-3,4.4,1.6,1.6,0.0,13.8,10.4,3.4,3.6,4.0,-0.4,0.26,6.4,0.4,10.4,3.2,1.6,0.6,3,8.2,2.6,1.4,1.2,14.6,13.4,1.2,5.6,3.8,1.8,0.3733247145011851,4.6,-0.4,11.8,-3.0,2.6,0.9
2014-02-01,00:00,Cardiff,Norwich,H,2,1,-8,-3.0,0.6,2.0,-1.4,13.0,13.8,-0.8,4.2,5.2,-1.0,0.29572966507177034,6.2,1.2,10.8,1.0,0.8,0.3,8,-2.6,0.8,1.6,-0.8,11.2,21.6,-10.4,4.2,7.4,-3.2,0.3928571428571429,3.8,-4.0,9.2,1.2,1.0,0.4
2014-02-01,00:00,Everton,Aston Villa,H,2,1,4,9.8,2.4,0.6,1.8,20.4,11.4,9.0,7.4,3.4,4.0,0.37432519171649603,8.8,5.8,9.2,2.4,2.4,0.8,-4,1.6,1.4,1.6,-0.2,11.0,17.2,-6.2,3.4,5.6,-2.2,0.3240659340659341,4.2,-1.8,14.4,-3.2,1.4,0.5
2014-02-01,00:00,Fulham,Southampton,A,0,3,-11,-5.4,1.6,2.2,-0.6,19.4,13.2,6.2,7.4,5.2,2.2,0.3813992869875223,7.8,2.2,9.4,3.0,1.2,0.4,11,1.6,1.6,1.6,0.0,11.4,12.0,-0.6,4.0,4.2,-0.2,0.33376411170528814,4.0,-2.2,13.0,-2.4,1.0,0.4
2014-02-01,00:00,Hull,Tottenham,D,1,1,-7,-3.0,2.2,1.2,1.0,14.6,10.4,4.2,5.6,3.4,2.2,0.3508381814264167,4.4,-0.4,11.2,0.6,1.4,0.5,7,6.0,2.4,1.2,1.2,14.6,13.6,1.0,4.4,4.8,-0.4,0.32696192696192694,5.2,-2.0,11.8,-3.0,3.0,1.0
2014-02-01,00:00,Newcastle,Sunderland,A,0,3,9,-0.2,1.6,1.2,0.4,16.2,11.6,4.6,5.4,3.6,1.8,0.3389420764420764,6.2,3.2,12.6,-0.2,1.4,0.5,-9,-6.8,1.4,0.6,0.8,14.0,16.6,-2.6,5.6,5.4,0.2,0.3897513013302487,5.8,-1.4,9.4,3.6,1.8,0.7
2014-02-01,00:00,Stoke,Man United,H,2,1,-10,-5.0,1.8,1.8,0.0,12.2,14.4,-2.2,3.0,5.2,-2.2,0.2650678733031674,5.2,1.0,12.8,-1.6,1.6,0.6,10,2.0,2.0,1.4,0.6,10.4,14.4,-4.0,3.8,5.0,-1.2,0.3736813186813187,4.6,-1.2,13.6,-1.2,2.0,0.7
2014-02-01,00:00,West Ham,Swansea,H,2,0,-7,-4.8,1.6,1.8,-0.2,14.6,19.8,-5.2,5.4,6.0,-0.6,0.3354084321475626,3.6,-2.4,10.4,-2.8,1.0,0.4,7,-2.4,0.4,1.6,-1.2,11.4,16.0,-4.6,2.4,5.0,-2.6,0.2199522373051785,5.8,-0.4,9.4,1.6,0.4,0.2
2014-02-02,00:00,Arsenal,Crystal Palace,H,2,0,14,9.0,1.4,0.2,1.2,17.6,9.6,8.0,5.6,2.8,2.8,0.3336363636363636,7.6,4.6,8.0,1.2,2.2,0.8,-14,-10.6,0.4,1.2,-0.8,11.6,13.8,-2.2,4.2,4.4,-0.2,0.3802808302808303,5.2,-1.2,9.6,2.4,0.6,0.2
2014-02-02,00:00,West Brom,Liverpool,D,1,1,-13,-5.0,1.0,1.4,-0.4,15.8,10.2,5.6,5.2,3.6,1.6,0.2990842490842491,5.8,3.0,9.8,1.8,1.0,0.4,13,3.8,2.6,2.0,0.6,12.6,13.0,-0.4,6.4,3.8,2.6,0.5059218559218559,5.0,-0.2,13.0,-0.2,1.2,0.4
2014-02-03,00:00,Man City,Chelsea,A,0,1,1,6.4,3.2,1.2,2.0,22.2,9.8,12.4,6.6,5.0,1.6,0.29705533596837946,8.4,2.4,9.4,-2.4,3.0,1.0,-1,7.8,2.2,1.2,1.0,14.4,10.0,4.4,5.0,2.4,2.6,0.3565077028234923,5.6,0.4,10.0,2.2,2.0,0.7
2014-02-08,00:00,Aston Villa,West Ham,A,0,2,8,-0.6,1.2,2.0,-0.8,11.0,12.6,-1.6,4.8,4.6,0.2,0.44721161191749426,3.6,-1.4,13.2,-4.4,0.8,0.3,-8,-8.0,1.0,1.8,-0.8,6.8,28.2,-21.4,1.8,8.8,-7.0,0.38954545454545453,4.0,-5.8,12.0,-3.8,0.8,0.3
2014-02-08,00:00,Chelsea,Newcastle,H,3,0,5,8.6,1.6,0.6,1.0,19.6,7.4,12.2,6.8,3.0,3.8,0.39055483989694517,7.6,4.2,14.2,-1.2,2.6,0.9,-5,7.4,1.4,0.4,1.0,14.4,10.0,4.4,4.8,3.2,1.6,0.3476505950190161,5.0,0.8,12.0,-1.8,2.0,0.7
2014-02-08,00:00,Crystal Palace,West Brom,H,3,1,-1,-6.4,1.0,0.8,0.2,13.2,12.2,1.0,4.4,3.8,0.6,0.349212775528565,6.4,2.4,11.0,0.4,2.0,0.7,1,-2.6,1.4,2.0,-0.6,11.4,15.0,-3.6,3.8,4.6,-0.8,0.3779220779220779,4.0,-2.6,12.8,-0.8,0.4,0.2
2014-02-08,00:00,Liverpool,Arsenal,H,5,1,-2,7.8,3.0,0.8,2.2,22.0,11.6,10.4,7.4,2.2,5.2,0.3544043728602552,5.4,0.6,12.0,2.2,2.6,0.9,2,7.8,2.2,2.0,0.2,13.4,13.8,-0.4,5.4,5.0,0.4,0.4603672189879086,5.8,1.4,6.6,4.6,2.0,0.7
2014-02-08,00:00,Norwich,Man City,D,0,0,-14,-3.4,0.6,0.8,-0.2,15.4,12.8,2.6,3.2,3.0,0.2,0.21727777777777776,7.6,2.2,11.6,-0.8,1.0,0.4,14,7.2,3.0,1.2,1.8,16.4,11.8,4.6,6.6,4.0,2.6,0.38999138116785176,5.0,0.0,11.8,-2.4,2.6,0.9
2014-02-08,00:00,Southampton,Stoke,D,2,2,4,-2.8,1.2,1.8,-0.6,14.0,9.6,4.4,4.2,3.4,0.8,0.3024786324786325,4.8,-0.4,10.2,1.4,1.0,0.4,-4,0.6,0.2,2.0,-1.8,11.0,17.6,-6.6,2.6,6.2,-3.6,0.2858670741023682,2.8,-2.6,12.6,-2.2,0.2,0.1
2014-02-08,00:00,Sunderland,Hull,A,0,2,-1,-8.0,0.8,1.0,-0.2,14.4,16.0,-1.6,4.0,5.6,-1.6,0.3039364230540701,5.2,-0.6,11.8,-1.2,1.0,0.4,1,1.2,0.4,1.2,-0.8,9.6,16.0,-6.4,1.8,3.6,-1.8,0.20598290598290597,3.6,-4.8,12.2,-1.6,0.4,0.2
2014-02-08,00:00,Swansea,Cardiff,H,3,0,3,-4.2,1.4,1.8,-0.4,13.2,12.6,0.6,3.8,4.2,-0.4,0.282004662004662,7.4,2.4,8.8,0.2,0.8,0.3,-3,-10.6,0.6,2.6,-2.0,8.4,23.0,-14.6,2.8,6.4,-3.6,0.35,4.4,-4.4,10.0,-1.8,0.0,0.0
2014-02-09,00:00,Man United,Fulham,D,2,2,13,5.4,1.6,0.8,0.8,15.6,8.4,7.2,5.6,2.2,3.4,0.3725140056022409,6.6,3.0,8.6,3.4,1.8,0.6,-13,-7.8,0.6,3.0,-2.4,11.8,18.2,-6.4,3.6,7.6,-4.0,0.31416666666666665,3.8,-2.6,8.4,2.4,0.6,0.2
2014-02-09,00:00,Tottenham,Everton,H,1,0,-1,4.0,1.4,2.2,-0.8,12.6,13.6,-1.0,3.2,5.4,-2.2,0.27999999999999997,5.6,0.0,10.8,1.8,1.4,0.5,1,3.0,1.0,1.6,-0.6,14.6,13.6,1.0,4.4,5.4,-1.0,0.3083638583638584,5.0,1.4,11.4,2.0,1.2,0.5
2014-02-11,00:00,Cardiff,Aston Villa,D,0,0,-7,-1.8,1.0,1.6,-0.6,13.8,16.2,-2.4,4.4,5.2,-0.8,0.2871582365003418,7.0,-0.2,11.2,0.8,1.4,0.5,7,1.4,1.0,1.6,-0.6,10.6,15.6,-5.0,3.0,5.0,-2.0,0.27406593406593405,4.0,-3.0,15.4,-5.2,0.8,0.3
2014-02-11,00:00,Hull,Southampton,A,0,1,-3,-2.4,1.8,1.2,0.6,14.0,12.4,1.6,5.6,3.2,2.4,0.37306040364863896,4.8,-0.8,11.8,-1.4,1.0,0.4,3,4.6,2.0,1.0,1.0,13.0,10.4,2.6,4.8,3.6,1.2,0.3703654188948306,4.2,-1.2,12.0,-2.4,1.6,0.6
2014-02-11,00:00,West Brom,Chelsea,D,1,1,-17,-6.0,0.8,1.0,-0.2,15.8,9.6,6.2,5.8,3.2,2.6,0.34908424908424907,5.8,2.8,10.8,1.8,1.2,0.5,17,4.2,1.6,0.6,1.0,14.2,12.6,1.6,5.2,2.4,2.8,0.37054279054279055,5.8,-0.6,9.8,1.6,2.0,0.7
2014-02-11,00:00,West Ham,Norwich,H,2,0,1,-6.4,1.4,1.8,-0.4,12.2,21.8,-9.6,3.8,6.0,-2.2,0.30378787878787883,4.0,-3.6,9.6,-2.2,1.0,0.4,-1,1.0,0.8,1.0,-0.2,13.8,18.8,-5.0,4.4,6.0,-1.6,0.3658730158730159,6.6,-1.8,9.8,0.2,1.0,0.4
2014-02-12,00:00,Arsenal,Man United,D,0,0,5,10.0,1.4,0.2,1.2,15.8,10.2,5.6,5.4,2.8,2.6,0.3727272727272727,6.6,2.8,8.0,2.8,2.2,0.8,-5,3.8,1.8,1.4,0.4,12.6,15.0,-2.4,4.0,5.4,-1.4,0.34078658183921345,5.2,-0.6,12.0,2.2,1.8,0.6
2014-02-12,00:00,Fulham,Liverpool,A,2,3,-16,-5.8,1.4,2.4,-1.0,17.8,13.0,4.8,7.0,5.2,1.8,0.40639928698752226,6.8,1.6,10.0,1.0,1.2,0.4,16,4.4,2.6,1.6,1.0,13.2,13.0,0.2,6.2,3.8,2.4,0.46703296703296704,4.6,-0.8,12.8,0.6,1.4,0.5
2014-02-12,00:00,Newcastle,Tottenham,A,0,4,-4,0.8,1.2,1.6,-0.4,19.0,12.0,7.0,6.2,4.4,1.8,0.3246563621563622,7.0,4.0,13.2,-1.2,0.8,0.3,4,5.6,2.2,1.2,1.0,14.8,12.2,2.6,4.0,4.4,-0.4,0.30298531877479246,5.8,-0.4,10.4,-0.4,2.6,0.9
2014-02-12,00:00,Stoke,Swansea,D,1,1,-2,-7.2,2.2,2.0,0.2,11.4,15.4,-4.0,3.8,5.4,-1.6,0.3338461538461538,6.2,1.0,14.2,-4.0,2.0,0.7,2,0.2,0.4,1.4,-1.0,13.6,13.8,-0.2,1.6,4.4,-2.8,0.1310633484162896,7.2,0.4,9.2,1.8,0.4,0.2
2014-02-22,00:00,Arsenal,Sunderland,H,4,1,16,10.2,1.2,0.0,1.2,17.0,9.0,8.0,5.4,2.4,3.0,0.3406417112299465,7.0,2.6,7.4,4.0,2.2,0.8,-16,-7.0,2.0,0.6,1.4,15.8,19.6,-3.8,6.4,6.6,-0.2,0.42367987275882013,5.2,-2.0,9.6,4.2,2.2,0.8
2014-02-22,00:00,Cardiff,Hull,A,0,4,-6,-3.0,0.8,1.6,-0.8,14.0,17.4,-3.4,4.4,6.0,-1.6,0.28261278195488726,6.8,-1.0,9.0,2.4,1.0,0.4,6,1.8,0.6,1.0,-0.4,12.8,15.2,-2.4,3.2,3.8,-0.6,0.23353846153846156,4.6,-1.8,14.0,-2.6,0.8,0.3
2014-02-22,00:00,Chelsea,Everton,H,1,0,4,6.4,1.8,0.4,1.4,20.0,7.8,12.2,7.0,3.2,3.8,0.391943728785834,8.2,4.0,13.0,0.6,2.6,0.9,-4,4.0,0.8,1.6,-0.8,14.4,13.0,1.4,4.2,4.8,-0.6,0.29624264624264623,6.0,1.2,11.8,0.8,1.0,0.4
2014-02-22,00:00,Crystal Palace,Man United,A,0,2,-8,-5.8,1.2,1.0,0.2,11.4,13.4,-2.0,4.6,4.6,0.0,0.4165811965811965,5.6,0.8,11.8,-0.2,2.0,0.7,8,2.4,1.2,1.4,-0.2,11.0,15.0,-4.0,3.4,5.2,-1.8,0.33602467707730865,5.4,-0.8,13.2,0.0,1.4,0.5
2014-02-22,00:00,Man City,Stoke,H,1,0,11,5.4,2.6,1.4,1.2,22.8,11.6,11.2,5.8,5.4,0.4,0.2574189723320158,9.8,3.4,10.2,-2.2,2.4,0.8,-11,0.0,0.6,2.4,-1.8,9.8,18.4,-8.6,3.0,6.4,-3.4,0.4095034377387319,2.6,-2.8,12.8,-3.2,0.2,0.1
2014-02-22,00:00,West Brom,Fulham,D,1,1,3,-9.8,1.0,0.8,0.2,13.0,11.0,2.0,3.6,3.4,0.2,0.2734432234432234,4.8,0.8,10.6,3.4,1.4,0.6,-3,-7.8,0.8,2.6,-1.8,9.8,20.0,-10.2,3.6,8.0,-4.4,0.37666666666666665,3.6,-2.4,8.2,1.2,0.8,0.3
2014-02-22,00:00,West Ham,Southampton,H,3,1,-4,-6.8,1.8,1.8,0.0,12.4,20.6,-8.2,4.8,6.0,-1.2,0.3840909090909091,4.6,-2.2,9.8,-0.2,1.4,0.5,4,5.4,2.0,0.8,1.2,14.6,9.6,5.0,5.6,3.4,2.2,0.3828654188948306,4.0,0.4,10.4,-1.6,2.0,0.7
2014-02-23,00:00,Liverpool,Swansea,H,4,3,8,4.8,3.2,0.8,2.4,20.0,12.2,7.8,8.0,3.2,4.8,0.4072452819511643,5.0,-0.2,13.0,1.6,2.6,0.9,-8,-0.4,0.4,1.4,-1.0,14.2,12.0,2.2,1.8,4.6,-2.8,0.13721719457013576,7.2,1.6,9.4,1.4,0.4,0.2
2014-02-23,00:00,Newcastle,Aston Villa,H,1,0,4,-0.2,1.0,2.2,-1.2,18.4,13.4,5.0,6.2,5.4,0.8,0.3390794390794391,6.4,2.8,12.4,-1.4,0.6,0.2,-4,1.0,1.0,1.2,-0.2,12.2,13.6,-1.4,3.8,3.6,0.2,0.3007326007326007,4.4,-3.2,14.6,-5.8,1.0,0.4
2014-02-23,00:00,Norwich,Tottenham,H,1,0,-12,-5.2,0.4,0.6,-0.2,13.6,13.8,-0.2,3.0,3.0,0.0,0.23692063492063492,6.8,-0.4,10.6,-0.8,1.0,0.4,12,3.8,2.6,1.0,1.6,13.4,12.6,0.8,4.6,4.6,0.0,0.3641974399869136,5.0,-2.0,10.8,-2.4,2.6,0.9
2014-03-01,00:00,Everton,West Ham,H,1,0,3,9.2,2.0,0.8,1.2,18.6,11.4,7.2,6.2,3.0,3.2,0.35754197493327927,9.6,7.0,8.2,3.8,2.4,0.8,-3,-7.0,1.2,1.0,0.2,7.2,25.0,-17.8,2.0,7.2,-5.2,0.4045454545454546,5.2,-4.6,11.2,-3.0,1.4,0.5
2014-03-01,00:00,Fulham,Chelsea,A,1,3,-19,-7.2,1.4,3.0,-1.6,15.4,15.2,0.2,5.6,6.2,-0.6,0.37549019607843137,7.4,2.6,9.0,1.2,0.6,0.2,19,5.4,1.4,0.2,1.2,14.2,13.2,1.0,4.8,2.0,2.8,0.3438761238761239,7.0,0.6,10.8,-0.4,2.2,0.8
2014-03-01,00:00,Hull,Newcastle,A,1,4,-3,-3.2,1.8,1.4,0.4,13.8,13.4,0.4,5.6,4.2,1.4,0.37818860877684407,3.8,-1.2,10.8,-1.4,0.8,0.3,3,6.0,1.2,1.0,0.2,15.0,12.0,3.0,5.4,4.0,1.4,0.3809839283523494,5.2,0.6,10.4,-1.0,1.4,0.5
2014-03-01,00:00,Southampton,Liverpool,A,0,3,-5,-1.2,1.4,2.0,-0.6,14.4,8.0,6.4,4.4,3.6,0.8,0.3079688285570638,5.2,0.0,10.4,2.2,1.0,0.4,5,7.2,2.2,2.0,0.2,13.2,13.2,0.0,5.6,4.4,1.2,0.4384615384615385,3.8,-2.6,11.6,-0.2,1.4,0.5
2014-03-01,00:00,Stoke,Arsenal,H,1,0,-12,-5.4,1.8,1.8,0.0,11.0,15.0,-4.0,4.0,4.8,-0.8,0.38146520146520146,5.6,-0.2,13.6,-2.6,1.6,0.6,12,7.4,1.8,1.8,0.0,13.2,13.8,-0.6,5.4,6.0,-0.6,0.4694581280788178,5.4,1.4,8.2,3.4,2.0,0.7
2014-03-02,00:00,Aston Villa,Norwich,H,4,1,1,1.4,1.2,1.8,-0.6,10.8,11.8,-1.0,3.8,4.0,-0.2,0.3891233766233766,4.6,-1.6,12.0,-3.2,0.8,0.3,-1,1.2,0.4,1.4,-1.0,14.8,16.0,-1.2,5.0,5.0,0.0,0.3831807081807082,7.0,-0.4,11.8,-1.4,0.4,0.2
2014-03-02,00:00,Swansea,Crystal Palace,D,1,1,2,-4.0,1.8,1.6,0.2,14.4,12.2,2.2,4.6,4.0,0.6,0.3162292609351433,6.0,1.0,8.6,0.6,1.2,0.4,-2,-12.6,0.4,1.4,-1.0,11.0,14.0,-3.0,4.0,5.0,-1.0,0.37412698412698414,5.4,-1.2,9.6,1.8,0.6,0.2
2014-03-02,00:00,Tottenham,Cardiff,H,1,0,14,4.2,1.6,1.2,0.4,12.4,11.6,0.8,3.6,4.0,-0.4,0.32999999999999996,7.0,1.8,9.2,3.0,2.0,0.7,-14,-12.0,0.6,2.8,-2.2,7.8,22.6,-14.8,2.6,6.6,-4.0,0.3385714285714285,4.0,-4.2,9.2,-1.4,0.0,0.0
2014-03-08,00:00,Cardiff,Fulham,H,3,1,1,-3.0,0.8,1.8,-1.0,16.8,17.6,-0.8,5.4,6.0,-0.6,0.32609104282445245,7.4,-0.2,7.6,3.4,1.0,0.4,-1,-7.4,0.6,2.6,-2.0,8.2,20.8,-12.6,2.8,8.4,-5.6,0.36904761904761896,3.2,-3.4,9.2,0.0,0.4,0.2
2014-03-08,00:00,Chelsea,Tottenham,H,4,0,4,5.8,1.8,0.4,1.4,21.2,7.8,13.4,7.2,3.4,3.8,0.38225951825951826,7.2,2.8,13.2,1.0,2.6,0.9,-4,6.0,2.0,0.8,1.2,12.6,12.8,-0.2,4.4,4.2,0.2,0.3624880382775119,4.6,-3.0,10.2,-2.2,2.0,0.7
2014-03-08,00:00,Crystal Palace,Southampton,A,0,1,-7,-5.0,1.2,0.8,0.4,12.6,13.6,-1.0,5.0,4.4,0.6,0.4076923076923077,6.2,2.0,12.0,-1.2,2.0,0.7,7,5.0,1.6,1.4,0.2,17.4,9.8,7.6,5.4,4.4,1.0,0.3137745098039215,5.6,2.2,9.4,-0.8,1.4,0.5
2014-03-08,00:00,Norwich,Stoke,D,1,1,-2,-8.6,0.4,0.2,0.2,13.8,12.6,1.2,3.0,2.0,1.0,0.23307448107448106,6.8,-0.2,9.4,1.4,1.6,0.6,2,-1.6,0.4,1.6,-1.2,9.0,16.8,-7.8,2.8,6.2,-3.4,0.4121008403361344,2.8,-2.6,13.8,-3.0,0.2,0.1
2014-03-08,00:00,West Brom,Man United,A,0,3,-10,-8.6,1.0,0.8,0.2,13.4,11.2,2.2,4.0,3.4,0.6,0.29308608058608054,4.6,0.6,11.6,2.4,1.4,0.6,10,3.2,1.0,1.0,0.0,11.2,14.6,-3.4,3.6,5.4,-1.8,0.34591478696741856,5.2,-1.0,12.4,0.8,1.4,0.5
2014-03-15,00:00,Aston Villa,Chelsea,H,1,0,-10,0.6,2.0,1.8,0.2,10.8,10.8,0.0,3.8,3.4,0.4,0.3891233766233766,4.4,-1.2,12.2,-3.0,1.4,0.5,10,9.6,2.0,0.4,1.6,15.0,13.2,1.8,5.6,2.2,3.4,0.37645530939648586,6.6,0.8,11.2,0.6,2.6,0.9
2014-03-15,00:00,Everton,Cardiff,H,2,1,11,7.2,1.4,0.6,0.8,18.6,9.4,9.2,5.4,2.6,2.8,0.3211783385696429,9.4,6.2,8.0,4.2,2.4,0.8,-11,-12.4,0.4,2.4,-2.0,7.4,20.2,-12.8,2.4,6.4,-4.0,0.32857142857142857,4.4,-2.8,9.0,-1.2,0.0,0.0
2014-03-15,00:00,Fulham,Newcastle,H,1,0,-12,-8.2,1.2,2.8,-1.6,14.4,15.2,-0.8,5.2,5.8,-0.6,0.37787114845938374,7.6,2.8,10.4,-0.6,0.6,0.2,12,4.2,1.4,1.2,0.2,15.8,12.8,3.0,5.6,3.8,1.8,0.3710291772211277,4.4,-0.8,9.6,0.2,1.4,0.5
2014-03-15,00:00,Hull,Man City,A,0,2,-9,-3.0,1.6,1.6,0.0,13.0,14.2,-1.2,5.2,4.8,0.4,0.3655189255189255,3.8,-0.8,11.0,-2.4,0.8,0.3,9,9.2,2.8,1.0,1.8,16.8,10.2,6.6,6.4,3.6,2.8,0.3705042016806723,7.0,2.2,11.2,-1.6,2.6,0.9
2014-03-15,00:00,Southampton,Norwich,H,4,2,6,-2.0,1.0,2.0,-1.0,14.6,7.8,6.8,3.8,4.0,-0.2,0.2554047259929613,5.4,0.0,10.4,-0.2,1.0,0.4,-6,-0.2,0.6,2.2,-1.6,13.4,14.4,-1.0,4.8,5.0,-0.2,0.426037851037851,6.0,-1.4,11.8,-1.6,0.2,0.1
2014-03-15,00:00,Stoke,West Ham,H,3,1,-1,-7.4,1.6,1.6,0.0,10.2,14.2,-4.0,4.4,4.4,0.0,0.4481318681318681,5.0,-0.2,13.6,-3.8,1.6,0.6,1,-5.8,1.0,0.6,0.4,7.6,25.2,-17.6,2.0,6.2,-4.2,0.3878787878787879,5.8,-4.6,9.6,-1.0,1.4,0.5
2014-03-15,00:00,Sunderland,Crystal Palace,D,0,0,-3,-5.6,0.6,1.0,-0.4,13.6,16.6,-3.0,3.8,6.4,-2.6,0.3169234360410831,4.8,-0.2,11.4,0.6,1.0,0.4,3,-9.8,0.4,1.2,-0.8,10.4,12.2,-1.8,3.8,4.6,-0.8,0.38841269841269843,6.0,-0.2,10.4,0.0,0.8,0.3
2014-03-15,00:00,Swansea,West Brom,A,1,2,3,-2.4,1.8,1.4,0.4,13.2,10.8,2.4,5.0,3.6,1.4,0.41293255763843995,5.4,1.2,8.0,1.4,1.4,0.5,-3,-2.6,1.6,2.4,-0.8,12.2,14.8,-2.6,4.6,5.2,-0.6,0.4195887445887446,4.2,-1.6,13.0,-1.6,0.4,0.2
2014-03-16,00:00,Man United,Liverpool,A,0,3,-4,8.4,2.0,1.0,1.0,20.2,7.8,12.4,6.6,2.2,4.4,0.33057852173127317,7.8,4.8,7.0,2.6,2.0,0.7,4,7.8,2.6,1.6,1.0,13.2,11.8,1.4,5.6,3.6,2.0,0.4384615384615385,3.8,-1.8,11.0,0.4,2.0,0.7
2014-03-16,00:00,Tottenham,Arsenal,A,0,1,-1,5.4,1.6,1.0,0.6,11.4,11.8,-0.4,4.2,3.6,0.6,0.38,5.4,-0.8,9.8,2.4,2.4,0.8,1,6.8,1.2,1.8,-0.6,9.4,13.0,-3.6,4.2,5.8,-1.6,0.4542857142857143,4.2,-0.4,9.2,2.8,1.4,0.5
2014-03-22,00:00,Cardiff,Liverpool,A,3,6,-17,-3.6,1.0,1.6,-0.6,17.4,16.2,1.2,5.8,5.4,0.4,0.3333278849297156,7.6,0.0,6.6,4.8,1.4,0.5,17,8.8,3.0,1.2,1.8,15.0,12.2,2.8,6.2,2.8,3.4,0.42081447963800905,4.2,-1.2,10.0,0.6,2.6,0.9
2014-03-22,00:00,Chelsea,Arsenal,H,6,0,2,6.4,2.2,0.2,2.0,21.4,7.4,14.0,7.0,3.0,4.0,0.35801709401709403,7.4,2.6,12.0,2.4,2.6,0.9,-2,6.2,1.2,1.8,-0.6,8.6,14.2,-5.6,3.8,5.6,-1.8,0.44909090909090904,4.4,-0.4,9.8,3.8,1.4,0.5
2014-03-22,00:00,Everton,Swansea,H,3,2,8,6.4,1.8,0.6,1.2,17.2,8.8,8.4,4.8,2.0,2.8,0.31510546407571577,9.2,5.4,7.8,5.0,3.0,1.0,-8,-0.6,1.0,2.0,-1.0,15.4,12.4,3.0,2.6,5.2,-2.6,0.1836457659987072,6.8,3.2,9.8,0.0,0.4,0.2
2014-03-22,00:00,Hull,West Brom,H,2,0,3,-5.8,0.4,2.0,-1.6,11.8,14.8,-3.0,3.6,5.0,-1.4,0.30837606837606835,3.2,-2.0,10.6,-1.0,0.2,0.1,-3,-1.6,1.8,2.4,-0.6,13.4,13.8,-0.4,4.6,5.4,-0.8,0.36684149184149184,4.0,-0.2,13.2,-2.0,0.8,0.3
2014-03-22,00:00,Man City,Fulham,H,5,0,16,8.4,1.6,0.8,0.8,22.2,10.6,11.6,5.8,4.6,1.2,0.26746681922196797,9.8,4.4,11.0,-1.6,2.4,0.8,-16,-6.6,0.8,2.0,-1.2,10.0,20.4,-10.4,3.6,7.6,-4.0,0.37476190476190474,4.2,-2.6,9.8,-1.0,0.4,0.2
2014-03-22,00:00,Newcastle,Crystal Palace,H,1,0,8,0.0,0.2,2.0,-1.8,17.6,13.2,4.4,5.6,5.2,0.4,0.32329844068974506,6.8,3.4,12.8,-1.4,0.6,0.2,-8,-8.2,0.2,1.2,-1.0,10.4,14.0,-3.6,3.4,4.2,-0.8,0.3550793650793651,5.4,-0.6,11.6,-0.2,0.4,0.2
2014-03-22,00:00,Norwich,Sunderland,H,2,0,3,-7.6,0.6,0.2,0.4,13.4,12.4,1.0,3.2,2.0,1.2,0.25666422466422467,5.8,-0.8,9.0,2.2,1.8,0.7,-3,-9.6,2.2,1.4,0.8,13.4,19.8,-6.4,5.8,8.0,-2.2,0.4462362637362637,4.0,-4.2,10.8,2.8,2.0,0.7
2014-03-22,00:00,West Ham,Man United,A,0,2,-7,-4.6,2.2,1.4,0.8,12.0,19.8,-7.8,4.8,5.4,-0.6,0.40075757575757576,5.6,-1.4,9.6,0.4,2.0,0.7,7,3.8,1.4,1.0,0.4,12.6,14.4,-1.8,4.0,5.2,-1.2,0.3316290726817043,5.6,0.4,12.4,0.8,1.4,0.5
2014-03-23,00:00,Aston Villa,Stoke,A,1,4,1,-1.0,2.0,1.6,0.4,12.0,10.4,1.6,4.0,3.2,0.8,0.3649475524475524,4.8,-0.2,12.4,-3.4,1.8,0.6,-1,-0.4,0.6,1.2,-0.6,9.8,15.4,-5.6,3.2,5.8,-2.6,0.4121008403361344,2.8,-2.0,13.4,-2.0,0.4,0.2
2014-03-23,00:00,Tottenham,Southampton,H,3,2,3,4.4,1.0,1.2,-0.2,10.8,12.8,-2.0,3.2,4.0,-0.8,0.33352941176470585,5.2,-1.2,12.2,-0.6,1.8,0.6,-3,7.2,1.6,1.0,0.6,17.2,9.2,8.0,5.6,3.8,1.8,0.3349866310160427,5.6,1.0,10.2,-0.6,2.0,0.7
2014-03-25,00:00,Arsenal,Swansea,D,2,2,11,13.0,2.0,0.2,1.8,18.0,7.8,10.2,6.8,2.2,4.6,0.4334988540870894,6.8,3.0,8.0,3.4,2.6,0.9,-11,-2.6,1.2,2.4,-1.2,16.2,12.8,3.4,3.4,5.8,-2.4,0.215018315018315,7.6,3.4,9.2,-0.2,0.2,0.1
2014-03-25,00:00,Man United,Man City,A,0,3,-4,5.8,1.4,1.4,0.0,18.6,10.4,8.2,5.2,3.4,1.8,0.26977266092541236,6.8,3.4,8.2,0.6,1.4,0.5,4,8.2,2.4,0.6,1.8,15.0,10.8,4.2,5.0,3.6,1.4,0.32785714285714285,7.0,2.4,11.0,-1.0,2.6,0.9
2014-03-25,00:00,Newcastle,Everton,A,0,3,-2,2.4,0.4,1.8,-1.4,19.6,12.6,7.0,6.6,4.4,2.2,0.3449434623347667,7.8,3.6,11.6,-0.2,1.2,0.4,2,2.0,0.4,1.6,-1.2,13.2,15.4,-2.2,3.4,5.8,-2.4,0.26052836052836054,6.0,0.4,12.2,1.2,0.4,0.2
2014-03-26,00:00,Liverpool,Sunderland,H,2,1,15,4.0,3.4,1.2,2.2,18.8,13.0,5.8,8.6,3.6,5.0,0.4506315253374077,3.8,-1.4,12.6,1.6,2.6,0.9,-15,-7.2,2.0,1.8,0.2,12.8,17.4,-4.6,5.0,7.8,-2.8,0.3939285714285714,4.6,-3.0,13.4,1.2,1.4,0.5
2014-03-26,00:00,West Ham,Hull,H,2,1,-2,-5.4,1.6,1.2,0.4,10.8,18.6,-7.8,3.8,5.4,-1.6,0.3457575757575758,6.8,-0.6,9.2,-0.2,1.8,0.6,2,2.4,1.2,0.8,0.4,14.0,17.0,-3.0,3.8,4.2,-0.4,0.23353846153846156,4.6,-1.8,13.2,-2.6,1.2,0.4
2014-03-29,00:00,Arsenal,Man City,D,1,1,-1,12.2,2.0,0.6,1.4,15.0,7.8,7.2,6.4,2.2,4.2,0.452180172768408,5.8,2.4,9.0,2.6,2.2,0.8,1,7.0,2.4,0.2,2.2,14.8,9.8,5.0,5.0,3.6,1.4,0.3322527472527473,7.4,3.4,10.6,0.8,2.6,0.9
2014-03-29,00:00,Crystal Palace,Chelsea,H,1,0,-16,-5.8,1.0,0.8,0.2,11.2,14.2,-3.0,4.4,4.0,0.4,0.37948717948717947,6.0,2.0,12.4,0.0,1.8,0.6,16,10.4,1.4,0.6,0.8,15.8,13.4,2.4,5.0,2.6,2.4,0.3122128851540616,6.0,0.6,10.8,1.2,2.0,0.7
2014-03-29,00:00,Man United,Aston Villa,H,4,1,5,4.8,1.2,1.6,-0.4,17.4,11.2,6.2,4.8,3.4,1.4,0.27477266092541236,5.2,0.6,9.2,-0.2,1.4,0.5,-5,-0.2,0.8,1.0,-0.2,11.4,15.8,-4.4,3.4,4.2,-0.8,0.2835897435897436,3.2,-5.2,13.2,-4.6,1.0,0.4
2014-03-29,00:00,Southampton,Newcastle,H,4,0,-1,0.4,1.8,1.8,0.0,15.4,6.8,8.6,4.6,3.6,1.0,0.29707139265962795,5.4,1.4,10.0,1.6,1.6,0.6,1,5.0,1.4,1.2,0.2,16.4,12.6,3.8,5.6,3.6,2.0,0.354362510554461,5.0,-1.4,7.8,2.8,1.4,0.5
2014-03-29,00:00,Stoke,Hull,H,1,0,3,-6.2,2.0,1.6,0.4,11.6,12.6,-1.0,5.4,4.0,1.4,0.4740142210730446,5.8,0.8,13.0,-2.8,2.0,0.7,-3,3.8,1.4,0.8,0.6,14.0,15.4,-1.4,4.4,3.6,0.8,0.2935384615384615,4.8,-1.8,12.0,-2.0,1.2,0.4
2014-03-29,00:00,Swansea,Norwich,H,3,0,-2,0.2,1.6,1.2,0.4,13.2,10.6,2.6,5.0,3.6,1.4,0.41293255763844006,4.6,1.4,8.4,1.6,1.4,0.5,2,-2.0,0.8,2.8,-2.0,13.0,15.0,-2.0,4.4,5.4,-1.0,0.40103785103785106,5.4,-1.4,13.2,-3.2,0.0,0.0
2014-03-29,00:00,West Brom,Cardiff,D,3,3,2,-9.0,0.8,1.4,-0.6,13.6,12.2,1.4,3.8,3.8,0.0,0.27440476190476193,4.6,0.4,12.4,0.6,0.8,0.4,-2,-11.6,0.6,2.4,-1.8,7.8,18.4,-10.6,2.6,6.4,-3.8,0.3385714285714286,5.0,-1.8,8.8,-0.2,0.0,0.0
2014-03-30,00:00,Fulham,Everton,A,1,3,-15,-10.8,1.0,2.6,-1.6,10.8,15.4,-4.6,3.6,5.8,-2.2,0.3545378151260504,7.0,1.6,11.4,-1.4,0.6,0.2,15,1.0,0.8,1.4,-0.6,11.6,16.6,-5.0,3.8,5.6,-1.8,0.36052836052836057,6.6,-0.4,12.0,-0.2,0.8,0.3
2014-03-30,00:00,Liverpool,Tottenham,H,4,0,4,6.0,3.4,1.4,2.0,19.6,13.4,6.2,8.8,4.4,4.4,0.44670995670995667,3.8,-1.4,10.6,3.6,2.6,0.9,-4,5.4,1.6,1.4,0.2,12.0,12.0,0.0,4.0,3.8,0.2,0.3402658160552897,5.0,-1.0,12.4,-3.6,1.4,0.5
2014-03-31,00:00,Sunderland,West Ham,A,1,2,-8,-5.0,0.6,1.0,-0.4,13.8,16.2,-2.4,3.4,6.4,-3.0,0.293531623175586,4.8,0.8,12.0,0.8,1.0,0.4,8,-5.4,1.0,0.8,0.2,7.0,22.6,-15.6,1.8,5.8,-4.0,0.38333333333333336,5.8,-3.4,11.2,-1.2,1.4,0.5
2014-04-05,00:00,Aston Villa,Fulham,A,1,2,8,0.8,2.0,2.0,0.0,12.2,10.8,1.4,3.6,3.4,0.2,0.3240384615384615,5.2,0.6,13.2,-4.0,1.8,0.6,-8,-6.8,0.8,2.6,-1.8,9.6,20.4,-10.8,3.2,8.4,-5.2,0.3247619047619047,3.8,-4.8,11.4,-2.0,0.4,0.2
2014-04-05,00:00,Cardiff,Crystal Palace,A,0,3,-3,-7.4,1.6,2.4,-0.8,15.4,18.0,-2.6,5.0,6.6,-1.6,0.32631034107006646,6.8,-0.6,8.0,2.4,1.4,0.5,3,-6.8,0.2,1.2,-1.0,10.2,13.6,-3.4,2.8,5.0,-2.2,0.2911904761904762,5.4,0.0,11.8,-2.0,0.4,0.2
2014-04-05,00:00,Chelsea,Stoke,H,3,0,8,6.0,2.8,0.0,2.8,23.0,7.8,15.2,8.0,3.2,4.8,0.37047130647130644,7.8,3.6,11.8,0.0,2.6,0.9,-8,-2.2,1.4,1.2,0.2,8.4,15.4,-7.0,3.8,5.2,-1.4,0.4885714285714286,2.8,-2.2,12.8,0.0,1.0,0.4
2014-04-05,00:00,Hull,Swansea,H,1,0,-1,-3.8,0.8,1.6,-0.8,12.2,15.4,-3.2,4.2,4.8,-0.6,0.3517094017094017,3.8,-1.0,11.8,-1.0,0.8,0.3,1,-3.6,1.6,2.4,-0.8,15.2,12.2,3.0,3.4,5.6,-2.2,0.23424908424908425,6.6,1.6,9.6,-0.2,0.4,0.2
2014-04-05,00:00,Man City,Southampton,H,4,1,5,12.0,2.2,0.6,1.6,22.6,9.4,13.2,7.0,3.6,3.4,0.316557728312877,11.0,6.4,10.6,0.0,2.4,0.8,-5,4.4,1.6,1.2,0.4,16.2,10.2,6.0,4.8,4.0,0.8,0.3075356506238859,4.8,-0.4,10.4,-0.6,1.8,0.6
2014-04-05,00:00,Newcastle,Man United,A,0,4,-2,3.0,0.4,2.0,-1.6,20.2,11.4,8.8,6.2,4.4,1.8,0.3055203854116898,8.6,4.0,9.6,0.8,1.2,0.4,2,6.0,1.6,0.4,1.2,13.8,13.8,0.0,4.6,4.2,0.4,0.3391290726817043,6.2,-0.4,9.8,2.0,2.0,0.7
2014-04-05,00:00,Norwich,West Brom,A,0,1,1,-6.0,0.8,0.2,0.6,11.2,12.4,-1.2,4.0,2.4,1.6,0.3389499389499389,5.4,-0.6,10.6,1.4,1.8,0.7,-1,-2.8,1.2,2.2,-1.0,12.4,13.0,-0.6,4.0,5.2,-1.2,0.35026395173453995,4.0,0.2,13.2,-0.4,0.6,0.2
2014-04-06,00:00,Everton,Arsenal,H,3,0,-1,7.2,2.0,0.8,1.2,17.2,10.6,6.6,5.2,3.0,2.2,0.3595499085201602,9.8,4.2,7.8,3.4,3.0,1.0,1,4.2,0.8,2.8,-2.0,9.4,16.2,-6.8,4.0,6.8,-2.8,0.43242424242424243,3.6,-2.0,9.6,4.4,0.8,0.3
2014-04-06,00:00,West Ham,Liverpool,A,1,2,-9,-3.8,1.8,0.8,1.0,10.4,16.8,-6.4,4.0,4.2,-0.2,0.3760606060606061,6.8,-1.0,9.8,-0.2,2.4,0.8,9,11.0,3.2,1.2,2.0,16.2,11.4,4.8,6.2,2.6,3.6,0.37708978328173376,5.0,1.0,10.6,0.8,2.6,0.9
2014-04-07,00:00,Tottenham,Sunderland,H,5,1,13,2.4,1.2,1.6,-0.4,11.8,12.4,-0.6,3.6,4.4,-0.8,0.3335294117647059,5.6,0.8,11.6,-0.6,1.8,0.6,-13,-9.4,1.8,1.8,0.0,11.0,18.4,-7.4,4.0,7.8,-3.8,0.37488095238095237,4.2,-2.8,14.4,-1.6,1.2,0.4
2014-04-12,00:00,Crystal Palace,Aston Villa,H,1,0,-1,-7.4,1.0,0.8,0.2,11.6,15.0,-3.4,4.0,4.0,0.0,0.3366300366300366,5.6,-0.4,12.6,-2.0,1.8,0.6,1,-2.6,0.8,1.8,-1.0,10.8,14.2,-3.4,2.6,5.2,-2.6,0.22666666666666666,3.8,-2.6,14.2,-5.2,0.4,0.2
2014-04-12,00:00,Fulham,Norwich,H,1,0,-1,-14.6,1.0,2.4,-1.4,12.0,16.2,-4.2,4.2,6.0,-1.8,0.36527950310559004,6.0,0.6,9.8,-1.6,0.6,0.2,1,0.4,0.8,3.0,-2.2,12.2,13.6,-1.4,4.6,5.8,-1.2,0.45103785103785105,5.2,-1.0,12.2,-0.6,0.0,0.0
2014-04-12,00:00,Southampton,Cardiff,A,0,1,11,-0.8,2.4,1.8,0.6,16.4,7.0,9.4,5.8,3.6,2.2,0.3371680110171159,6.0,1.8,8.8,0.6,1.6,0.6,-11,-8.6,0.8,2.2,-1.4,8.6,16.8,-8.2,2.4,5.8,-3.4,0.25805194805194803,3.8,-1.8,10.4,-0.6,0.2,0.1
2014-04-12,00:00,Stoke,Newcastle,H,1,0,-1,-4.4,1.6,0.6,1.0,12.0,11.0,1.0,5.2,2.8,2.4,0.4524757595345831,5.2,0.4,12.8,-2.4,2.6,0.9,1,3.2,0.8,1.8,-1.0,13.6,15.0,-1.4,4.2,5.4,-1.2,0.33962566844919784,5.4,-1.6,7.8,2.0,0.8,0.3
2014-04-12,00:00,Sunderland,Everton,A,0,1,-15,-5.2,0.8,1.2,-0.4,15.6,15.8,-0.2,4.6,6.6,-2.0,0.33561307113938693,4.4,0.2,12.6,0.8,1.0,0.4,15,2.4,1.2,1.4,-0.2,11.8,18.4,-6.6,4.4,6.0,-1.6,0.39898989898989895,7.4,0.2,10.4,-0.4,1.2,0.4
2014-04-12,00:00,West Brom,Tottenham,D,3,3,-10,-7.0,1.2,1.8,-0.6,14.0,11.8,2.2,3.8,4.0,-0.2,0.2636904761904762,4.6,0.6,11.6,1.6,0.8,0.4,10,3.0,1.0,2.0,-1.0,12.8,11.6,1.2,3.8,4.2,-0.4,0.3026900584795322,6.0,0.6,12.4,-3.0,0.8,0.3
2014-04-13,00:00,Liverpool,Man City,H,3,2,2,5.4,3.8,1.0,2.8,19.0,14.0,5.0,8.6,4.6,4.0,0.4519047619047619,4.4,-1.6,9.6,2.8,3.0,1.0,-2,6.2,2.2,0.4,1.8,15.0,9.2,5.8,4.6,3.2,1.4,0.2998717948717949,7.4,3.2,9.8,-0.4,2.2,0.8
2014-04-13,00:00,Swansea,Chelsea,A,0,1,-13,1.4,2.0,0.6,1.4,13.8,10.0,3.8,5.8,3.4,2.4,0.45427871148459387,4.4,0.8,10.2,-0.2,2.0,0.7,13,12.2,1.0,0.8,0.2,17.2,14.2,3.0,4.4,3.0,1.4,0.25983193277310923,7.2,1.6,10.2,1.4,1.4,0.5
2014-04-15,00:00,Arsenal,West Ham,H,3,1,6,9.0,1.8,0.8,1.0,12.6,9.2,3.4,5.4,2.6,2.8,0.4394529000411353,6.2,2.4,9.6,2.8,1.8,0.7,-6,-3.4,1.0,1.0,0.0,7.2,24.0,-16.8,2.4,5.8,-3.4,0.43242424242424243,5.0,-4.2,10.8,0.0,1.4,0.5
2014-04-16,00:00,Everton,Crystal Palace,A,2,3,7,5.0,2.2,0.8,1.4,15.4,11.2,4.2,5.8,3.4,2.4,0.43035736193630936,8.4,2.6,7.6,1.8,3.0,1.0,-7,-3.6,0.8,0.8,0.0,10.0,14.2,-4.2,4.0,5.0,-1.0,0.3856959706959707,3.8,-2.6,12.0,-3.6,1.0,0.4
2014-04-16,00:00,Man City,Sunderland,D,2,2,17,10.0,2.8,0.8,2.0,21.0,8.6,12.4,7.8,3.0,4.8,0.38844178628389153,9.6,4.2,10.0,2.2,2.4,0.8,-17,-11.2,1.2,2.6,-1.4,10.6,20.8,-10.2,3.6,9.0,-5.4,0.35488095238095235,3.4,-3.2,13.4,-1.2,0.6,0.2
2014-04-19,00:00,Aston Villa,Southampton,D,0,0,-6,1.6,1.4,1.8,-0.4,12.6,11.6,1.0,3.6,4.2,-0.6,0.3040384615384616,5.0,-0.4,12.2,-2.4,1.2,0.4,6,1.2,1.2,2.0,-0.8,13.8,11.6,2.2,4.0,4.8,-0.8,0.2887121212121212,5.6,0.2,11.6,-2.0,1.2,0.4
2014-04-19,00:00,Cardiff,Stoke,D,1,1,-9,-6.4,1.2,2.8,-1.6,15.2,15.2,0.0,4.8,7.0,-2.2,0.31642023117995655,7.4,2.2,7.4,3.8,0.8,0.3,9,-4.4,1.4,1.6,-0.2,6.4,15.8,-9.4,3.2,5.6,-2.4,0.5171428571428571,2.8,-3.2,13.4,-2.2,1.0,0.4
2014-04-19,00:00,Chelsea,Sunderland,A,1,2,18,4.6,3.4,0.0,3.4,18.8,8.4,10.4,7.8,3.4,4.4,0.41320634920634924,6.6,2.4,11.0,2.2,3.0,1.0,-18,-12.8,1.0,3.0,-2.0,9.6,18.4,-8.8,3.2,7.8,-4.6,0.3469264069264069,4.0,-1.8,12.8,-1.4,0.2,0.1
2014-04-19,00:00,Newcastle,Swansea,A,1,2,6,0.8,0.4,2.2,-1.8,17.4,9.8,7.6,5.0,4.2,0.8,0.29123467112597545,8.0,3.0,9.2,-0.2,1.2,0.4,-6,-4.8,1.6,2.2,-0.6,13.6,11.6,2.0,3.8,5.6,-1.8,0.2675824175824176,4.8,0.0,11.8,-2.6,0.4,0.2
2014-04-19,00:00,Tottenham,Fulham,H,3,1,13,5.6,2.0,0.8,1.2,16.8,9.2,7.6,5.4,3.2,2.2,0.3093914807302231,6.6,2.4,11.8,-1.2,2.4,0.8,-13,-8.2,1.2,2.4,-1.2,9.8,20.0,-10.2,4.0,8.2,-4.2,0.3714285714285714,3.6,-4.4,12.2,-3.6,1.0,0.4
2014-04-19,00:00,West Ham,Crystal Palace,A,0,1,-1,-4.2,1.6,1.2,0.4,10.4,16.2,-5.8,3.4,5.8,-2.4,0.3215151515151515,6.0,-0.4,10.4,-0.4,1.8,0.6,1,-2.2,1.4,0.8,0.6,9.4,15.4,-6.0,4.4,4.8,-0.4,0.459981684981685,3.4,-4.4,11.2,-3.4,1.6,0.6
2014-04-20,00:00,Everton,Man United,H,2,0,2,5.6,2.2,1.2,1.0,16.2,11.8,4.4,5.6,4.0,1.6,0.39687319904038165,8.4,2.2,8.0,-0.2,2.4,0.8,-2,4.4,2.2,0.0,2.2,11.6,14.0,-2.4,4.6,3.8,0.8,0.3970238095238095,5.2,-0.8,9.6,1.8,2.6,0.9
2014-04-20,00:00,Hull,Arsenal,A,0,3,-9,-2.6,0.8,1.4,-0.6,12.0,14.0,-2.0,4.2,4.6,-0.4,0.3628205128205128,4.4,1.2,10.4,2.2,1.2,0.4,9,2.8,0.4,3.0,-2.6,11.0,16.4,-5.4,4.2,7.4,-3.2,0.3848051948051948,3.8,-1.0,9.8,3.2,0.6,0.2
2014-04-20,00:00,Norwich,Liverpool,A,2,3,-16,-4.8,0.8,0.4,0.4,11.8,9.6,2.2,4.4,2.8,1.6,0.36117216117216117,5.4,0.2,10.0,2.8,1.6,0.6,16,10.2,3.4,1.2,2.2,17.2,11.2,6.0,7.2,2.0,5.2,0.4212074303405573,5.0,0.8,9.4,1.4,3.0,1.0
2014-04-21,00:00,Man City,West Brom,H,3,1,13,10.0,2.4,0.8,1.6,19.4,9.4,10.0,6.8,2.4,4.4,0.36344178628389157,8.2,3.0,11.6,1.6,2.0,0.7,-13,-2.0,1.4,2.0,-0.6,13.2,11.8,1.4,4.6,5.0,-0.4,0.37526395173453997,3.8,-0.6,12.0,0.6,1.2,0.4
2014-04-26,00:00,Fulham,Hull,D,2,2,-5,-12.6,1.2,1.8,-0.6,13.2,15.4,-2.2,4.0,5.6,-1.6,0.30813664596273294,6.8,0.8,9.8,-1.0,1.2,0.4,5,2.2,1.4,0.8,0.6,13.0,13.4,-0.4,5.0,3.4,1.6,0.4135384615384615,3.4,-2.8,10.6,-0.4,1.2,0.4
2014-04-26,00:00,Man United,Norwich,H,4,0,10,4.6,1.6,1.8,-0.2,16.0,10.6,5.4,5.0,3.2,1.8,0.34560599425874566,4.6,0.0,9.4,0.8,1.4,0.5,-10,-1.0,0.6,2.8,-2.2,9.4,13.6,-4.2,4.0,5.4,-1.4,0.45274725274725275,4.0,-2.4,12.8,-0.8,0.0,0.0
2014-04-26,00:00,Southampton,Everton,H,2,0,-3,3.0,2.0,1.6,0.4,17.6,6.8,10.8,6.2,3.6,2.6,0.3339291446203547,5.6,1.4,8.4,1.6,1.4,0.5,3,5.8,1.4,0.6,0.8,12.2,19.2,-7.0,4.2,5.4,-1.2,0.3845454545454545,7.0,-0.4,10.8,0.4,1.8,0.6
2014-04-26,00:00,Stoke,Tottenham,A,0,1,-4,-2.6,1.4,0.4,1.0,11.4,9.8,1.6,4.6,2.2,2.4,0.42016806722689076,4.6,0.8,11.6,-0.4,2.6,0.9,4,3.6,1.4,2.4,-1.0,13.0,11.0,2.0,4.8,4.4,0.4,0.3511111111111111,4.4,-0.6,12.2,-3.2,0.8,0.3
2014-04-26,00:00,Swansea,Aston Villa,H,4,1,1,-1.4,1.6,0.8,0.8,12.4,12.2,0.2,5.2,3.2,2.0,0.4685644257703081,4.4,0.0,9.0,1.8,1.4,0.5,-1,-1.0,0.4,1.6,-1.2,9.8,14.2,-4.4,2.8,4.8,-2.0,0.29095238095238096,4.0,-2.4,13.0,-5.4,0.2,0.1
2014-04-26,00:00,West Brom,West Ham,H,1,0,-2,-6.4,1.6,2.2,-0.6,12.8,13.4,-0.6,4.0,5.0,-1.0,0.3636904761904762,4.4,0.8,11.2,0.6,0.8,0.4,2,-1.6,1.2,1.6,-0.4,9.4,19.0,-9.6,2.6,5.6,-3.0,0.26575757575757575,5.0,-2.4,11.0,0.2,1.2,0.4
2014-04-27,00:00,Crystal Palace,Man City,A,0,2,-8,-6.6,1.0,0.8,0.2,11.8,13.8,-2.0,4.2,4.0,0.2,0.3476190476190476,4.4,-1.8,11.2,0.2,1.8,0.6,8,5.2,1.6,0.8,0.8,12.8,10.4,2.4,3.6,3.6,0.0,0.2934615384615385,7.8,2.8,9.6,-1.0,1.6,0.6
2014-04-27,00:00,Liverpool,Chelsea,A,0,2,2,5.4,3.6,1.4,2.2,17.0,13.0,4.0,7.6,4.8,2.8,0.4419047619047619,4.8,-1.0,8.8,2.8,3.0,1.0,-2,15.0,1.0,0.8,0.2,18.8,10.6,8.2,3.8,3.2,0.6,0.21624218918336563,8.4,4.2,10.2,0.8,1.4,0.5
2014-04-27,00:00,Sunderland,Cardiff,H,4,0,-1,-6.0,0.4,1.0,-0.6,18.4,16.4,2.0,4.8,5.6,-0.8,0.28561307113938694,4.8,0.8,14.4,0.4,0.8,0.3,1,-8.2,1.0,1.8,-0.8,8.4,17.2,-8.8,3.0,6.2,-3.2,0.3628138528138528,3.8,-1.8,10.0,-0.2,0.8,0.3
2014-04-28,00:00,Arsenal,Newcastle,H,3,0,5,7.4,2.0,1.0,1.0,13.2,9.6,3.6,5.8,2.6,3.2,0.44464770523594055,5.8,2.4,10.6,1.4,1.8,0.7,-5,2.4,0.8,2.0,-1.2,11.8,15.2,-3.4,3.8,5.6,-1.8,0.32773755656108594,5.0,-1.4,8.6,1.0,0.6,0.2
2014-05-03,00:00,Aston Villa,Hull,H,3,1,-3,-1.2,1.4,1.4,0.0,10.6,10.2,0.4,3.6,4.2,-0.6,0.32487179487179485,4.4,0.4,12.6,-2.2,1.4,0.5,3,2.2,1.8,1.0,0.8,12.0,12.8,-0.8,5.0,3.4,1.6,0.45199999999999996,3.2,-2.8,10.4,-1.4,1.4,0.5
2014-05-03,00:00,Everton,Man City,A,2,3,-2,5.4,2.4,1.2,1.2,15.2,12.4,2.8,6.0,4.2,1.8,0.4284240011794191,7.4,1.2,8.0,-0.2,2.4,0.8,2,4.0,2.0,0.8,1.2,13.0,9.6,3.4,4.4,3.6,0.8,0.34179487179487184,6.6,1.6,10.4,-1.4,2.0,0.7
2014-05-03,00:00,Man United,Sunderland,A,0,1,10,4.0,2.0,1.8,0.2,17.6,11.0,6.6,6.2,3.4,2.8,0.37478246484698097,4.6,0.4,10.2,0.0,1.4,0.5,-10,-13.2,1.2,2.4,-1.2,9.6,22.2,-12.6,3.2,9.0,-5.8,0.3469264069264069,4.2,-2.2,13.4,-1.8,0.8,0.3
2014-05-03,00:00,Newcastle,Cardiff,H,3,0,11,2.8,0.6,1.8,-1.2,17.6,8.8,8.8,4.8,3.0,1.8,0.27145445134575563,6.8,1.4,9.2,-0.6,1.2,0.4,-11,-7.4,1.0,2.0,-1.0,8.2,18.0,-9.8,3.0,6.4,-3.4,0.36757575757575756,4.6,-2.2,10.6,-0.2,0.8,0.3
2014-05-03,00:00,Stoke,Fulham,H,4,1,9,-3.0,1.2,0.4,0.8,13.4,10.4,3.0,4.4,2.4,2.0,0.3411764705882353,5.0,1.6,11.6,-1.6,2.4,0.8,-9,-8.2,1.0,2.6,-1.6,10.8,16.6,-5.8,4.2,7.4,-3.2,0.3441558441558441,4.4,-2.4,13.2,-3.6,0.8,0.3
2014-05-03,00:00,Swansea,Southampton,A,0,1,-4,-1.8,1.8,1.0,0.8,11.2,13.0,-1.8,5.6,3.6,2.0,0.543430735930736,5.2,-0.2,9.4,2.2,1.4,0.5,4,1.8,1.0,2.0,-1.0,11.2,10.4,0.8,3.0,4.2,-1.2,0.3345454545454545,5.8,-0.2,12.2,-1.6,0.8,0.3
2014-05-03,00:00,West Ham,Tottenham,H,2,0,-8,-4.6,1.2,1.4,-0.2,10.6,15.8,-5.2,2.8,5.2,-2.4,0.2663869463869464,5.6,-2.0,9.4,0.6,1.2,0.4,8,3.6,0.8,2.4,-1.6,13.2,11.8,1.4,4.0,4.0,0.0,0.29444444444444445,3.8,-0.4,11.2,-1.2,0.8,0.3
2014-05-04,00:00,Arsenal,West Brom,H,1,0,12,7.4,2.6,1.0,1.6,13.8,10.0,3.8,6.4,2.8,3.6,0.46582417582417585,7.6,5.2,10.4,0.4,2.2,0.8,-12,-3.8,1.0,1.8,-0.8,12.8,13.6,-0.8,4.4,5.0,-0.6,0.3685972850678733,3.6,-1.8,11.4,0.0,1.2,0.4
2014-05-04,00:00,Chelsea,Norwich,D,0,0,15,7.2,3.0,0.4,2.6,21.4,7.4,14.0,9.2,2.8,6.4,0.42109165386584735,7.4,3.4,11.8,2.2,2.4,0.8,-15,-2.8,0.6,3.2,-2.6,8.6,16.2,-7.6,3.2,6.2,-3.0,0.4048840048840049,3.6,-2.8,11.4,0.8,0.0,0.0
2014-05-05,00:00,Crystal Palace,Liverpool,D,3,3,-9,-8.0,0.4,1.0,-0.6,10.4,13.8,-3.4,3.4,4.0,-0.6,0.3609523809523809,4.4,-2.0,10.4,0.4,1.2,0.4,9,10.2,3.4,1.2,2.2,15.8,11.8,4.0,7.0,2.4,4.6,0.4402550493881764,4.6,0.2,9.6,3.0,3.0,1.0
2014-05-06,00:00,Man United,Hull,H,3,1,8,3.4,1.6,1.6,0.0,14.8,11.4,3.4,4.8,3.0,1.8,0.3402473604826546,4.2,0.2,11.8,-0.4,1.2,0.4,-8,2.6,1.6,1.6,0.0,8.4,14.4,-6.0,3.6,4.6,-1.0,0.43714285714285717,3.0,-4.2,9.0,0.4,0.8,0.3
2014-05-07,00:00,Man City,Aston Villa,H,4,0,12,12.4,3.0,0.8,2.2,18.2,7.8,10.4,7.4,1.8,5.6,0.4025996810207336,7.4,3.0,11.2,0.8,2.6,0.9,-12,-0.4,0.4,2.0,-1.6,11.2,13.8,-2.6,3.2,5.2,-2.0,0.2954978354978355,5.0,-0.6,11.8,-3.2,0.2,0.1
2014-05-07,00:00,Sunderland,West Brom,H,2,0,-1,-5.6,1.0,1.0,0.0,19.4,14.8,4.6,5.0,4.8,0.2,0.2772797378060536,6.6,2.2,13.2,0.8,0.8,0.3,1,-6.4,0.8,1.4,-0.6,11.8,14.6,-2.8,3.4,4.6,-1.2,0.3117791032496915,4.2,-2.2,10.0,0.6,1.2,0.4
2014-05-11,00:00,Cardiff,Chelsea,A,1,2,-17,-6.8,1.4,3.0,-1.6,15.4,14.4,1.0,5.0,6.8,-1.8,0.3279586927184181,8.4,3.6,7.6,4.2,0.8,0.3,17,11.2,1.2,0.6,0.6,18.0,13.4,4.6,3.8,4.6,-0.8,0.23563612857730507,7.4,1.4,9.0,2.0,1.8,0.6
2014-05-11,00:00,Fulham,Crystal Palace,D,2,2,-8,-10.4,1.2,1.6,-0.4,13.2,12.8,0.4,4.0,5.0,-1.0,0.30813664596273294,6.8,1.4,10.0,-1.6,1.4,0.5,8,-1.6,1.4,0.6,0.8,10.2,16.6,-6.4,4.2,4.6,-0.4,0.4002414252414253,4.8,-3.4,12.2,-4.6,2.0,0.7
2014-05-11,00:00,Hull,Everton,A,0,2,-11,-3.8,0.8,1.8,-1.0,12.2,13.2,-1.0,4.2,4.4,-0.2,0.3576923076923077,5.4,2.6,11.2,1.2,1.2,0.4,11,6.2,1.4,0.8,0.6,11.8,20.4,-8.6,4.0,5.8,-1.8,0.37444444444444447,7.0,0.6,10.6,1.4,1.8,0.6
2014-05-11,00:00,Liverpool,Newcastle,H,2,1,6,6.2,2.6,1.6,1.0,17.8,13.0,4.8,6.8,4.4,2.4,0.3943523143523143,6.4,1.2,7.8,2.4,2.4,0.8,-6,2.4,0.8,2.0,-1.2,11.0,15.6,-4.6,3.2,5.6,-2.4,0.302737556561086,4.0,-4.0,8.2,1.8,0.6,0.2
2014-05-11,00:00,Man City,West Ham,H,2,0,10,12.6,3.6,0.8,2.8,18.0,7.4,10.6,7.8,1.4,6.4,0.42891547049441786,7.2,3.0,9.6,1.6,2.6,0.9,-10,0.4,0.8,1.8,-1.0,9.2,19.6,-10.4,2.8,6.6,-3.8,0.2924242424242424,4.2,-3.0,11.0,1.2,0.6,0.2
2014-05-11,00:00,Norwich,Arsenal,A,0,2,-14,-5.2,1.2,1.0,0.2,13.0,9.4,3.6,5.0,3.6,1.4,0.38095238095238093,6.2,3.2,11.8,1.8,1.4,0.5,14,4.2,0.8,2.0,-1.2,11.2,14.6,-3.4,4.2,5.8,-1.6,0.3757142857142857,2.6,-2.4,8.4,3.8,1.2,0.4
2014-05-11,00:00,Southampton,Man United,D,1,1,-1,1.6,2.0,1.2,0.8,17.0,7.6,9.4,6.0,3.2,2.8,0.3322484723514472,5.0,0.2,9.6,0.0,1.8,0.6,1,5.0,2.2,0.4,1.8,12.2,14.0,-1.8,4.6,3.8,0.8,0.37480158730158725,5.2,-1.0,8.4,2.8,2.4,0.8
2014-05-11,00:00,Sunderland,Swansea,A,1,3,-1,-5.6,1.4,0.6,0.8,20.0,12.4,7.6,5.2,3.6,1.6,0.27156545209176786,7.2,4.0,13.6,-0.4,1.4,0.5,1,-6.4,1.8,2.2,-0.4,13.0,13.0,0.0,3.6,5.6,-2.0,0.26142857142857145,5.4,0.6,11.2,-3.0,0.8,0.3
2014-05-11,00:00,Tottenham,Aston Villa,H,3,0,9,8.4,2.4,1.0,1.4,18.0,9.2,8.8,6.0,3.4,2.6,0.33082005215879456,5.6,1.8,11.6,-1.4,2.4,0.8,-9,-4.2,0.4,2.8,-2.4,8.6,15.0,-6.4,2.0,6.4,-4.4,0.22883116883116883,3.6,-2.0,11.8,-2.6,0.0,0.0
2014-05-11,00:00,West Brom,Stoke,A,1,2,-7,-3.4,1.6,2.0,-0.4,14.2,12.2,2.0,5.0,4.8,0.2,0.4101817042606516,4.8,1.6,12.2,-1.4,1.2,0.5,7,-1.8,1.2,1.4,-0.2,8.2,15.0,-6.8,3.4,5.4,-2.0,0.42857142857142855,3.4,-3.6,13.0,-2.0,1.0,0.4
